image,id,pixel_count,image_fraction
semantic_instance_0.png,0,103725,0.39567947
semantic_instance_0.png,1,73879,0.28182602
semantic_instance_0.png,2,11250,0.04291534
semantic_instance_0.png,3,185,0.00070572
semantic_instance_0.png,4,47599,0.18157578
semantic_instance_0.png,5,7653,0.02919388
semantic_instance_0.png,6,17853,0.06810379
semantic_instance_1.png,0,103922,0.39643097
semantic_instance_1.png,1,75318,0.28731537
semantic_instance_1.png,2,10733,0.04094315
semantic_instance_1.png,3,172,0.00065613
semantic_instance_1.png,4,46649,0.17795181
semantic_instance_1.png,5,7941,0.03029251
semantic_instance_1.png,6,17409,0.06641006
semantic_instance_2.png,0,104235,0.39762497
semantic_instance_2.png,1,76758,0.29280853
semantic_instance_2.png,2,10214,0.03896332
semantic_instance_2.png,3,152,0.00057983
semantic_instance_2.png,4,45698,0.17432404
semantic_instance_2.png,5,8122,0.03098297
semantic_instance_2.png,6,16965,0.06471634
semantic_instance_3.png,0,104630,0.39913177
semantic_instance_3.png,1,78190,0.29827118
semantic_instance_3.png,2,9718,0.03707123
semantic_instance_3.png,3,130,0.00049591
semantic_instance_3.png,4,44730,0.17063141
semantic_instance_3.png,5,8190,0.03124237
semantic_instance_3.png,6,16556,0.06315613
semantic_instance_4.png,0,105080,0.40084839
semantic_instance_4.png,1,79640,0.30380249
semantic_instance_4.png,2,9207,0.03512192
semantic_instance_4.png,3,104,0.00039673
semantic_instance_4.png,4,43745,0.16687393
semantic_instance_4.png,5,8202,0.03128815
semantic_instance_4.png,6,16166,0.06166840
semantic_instance_5.png,0,105588,0.40278625
semantic_instance_5.png,1,81089,0.30932999
semantic_instance_5.png,2,8724,0.03327942
semantic_instance_5.png,3,68,0.00025940
semantic_instance_5.png,4,42750,0.16307831
semantic_instance_5.png,5,8145,0.03107071
semantic_instance_5.png,6,15780,0.06019592
semantic_instance_6.png,0,106109,0.40477371
semantic_instance_6.png,1,82528,0.31481934
semantic_instance_6.png,2,8256,0.03149414
semantic_instance_6.png,3,69,0.00026321
semantic_instance_6.png,4,41741,0.15922928
semantic_instance_6.png,5,8011,0.03055954
semantic_instance_6.png,6,15430,0.05886078
semantic_instance_7.png,0,106489,0.40622330
semantic_instance_7.png,1,84003,0.32044601
semantic_instance_7.png,2,7788,0.02970886
semantic_instance_7.png,3,206,0.00078583
semantic_instance_7.png,4,40735,0.15539169
semantic_instance_7.png,5,7849,0.02994156
semantic_instance_7.png,6,15074,0.05750275
semantic_instance_8.png,0,106771,0.40729904
semantic_instance_8.png,1,85508,0.32618713
semantic_instance_8.png,2,7357,0.02806473
semantic_instance_8.png,3,466,0.00177765
semantic_instance_8.png,4,39704,0.15145874
semantic_instance_8.png,5,7603,0.02900314
semantic_instance_8.png,6,14735,0.05620956
semantic_instance_9.png,0,107044,0.40834045
semantic_instance_9.png,1,86821,0.33119583
semantic_instance_9.png,2,6780,0.02586365
semantic_instance_9.png,3,812,0.00309753
semantic_instance_9.png,4,38973,0.14867020
semantic_instance_9.png,5,7325,0.02794266
semantic_instance_9.png,6,14389,0.05488968
semantic_instance_10.png,0,107299,0.40931320
semantic_instance_10.png,1,87907,0.33533859
semantic_instance_10.png,2,6131,0.02338791
semantic_instance_10.png,3,1228,0.00468445
semantic_instance_10.png,4,38499,0.14686203
semantic_instance_10.png,5,7016,0.02676392
semantic_instance_10.png,6,14064,0.05364990
semantic_instance_11.png,0,107575,0.41036606
semantic_instance_11.png,1,88891,0.33909225
semantic_instance_11.png,2,5528,0.02108765
semantic_instance_11.png,3,1737,0.00662613
semantic_instance_11.png,4,38017,0.14502335
semantic_instance_11.png,5,6649,0.02536392
semantic_instance_11.png,6,13747,0.05244064
semantic_instance_12.png,0,107851,0.41141891
semantic_instance_12.png,1,89720,0.34225464
semantic_instance_12.png,2,4981,0.01900101
semantic_instance_12.png,3,2329,0.00888443
semantic_instance_12.png,4,37510,0.14308929
semantic_instance_12.png,5,6300,0.02403259
semantic_instance_12.png,6,13453,0.05131912
semantic_instance_13.png,0,108149,0.41255569
semantic_instance_13.png,1,90364,0.34471130
semantic_instance_13.png,2,4734,0.01805878
semantic_instance_13.png,3,2977,0.01135635
semantic_instance_13.png,4,36995,0.14112473
semantic_instance_13.png,5,5766,0.02199554
semantic_instance_13.png,6,13159,0.05019760
semantic_instance_14.png,0,108429,0.41362381
semantic_instance_14.png,1,90913,0.34680557
semantic_instance_14.png,2,4571,0.01743698
semantic_instance_14.png,3,3656,0.01394653
semantic_instance_14.png,4,36460,0.13908386
semantic_instance_14.png,5,5230,0.01995087
semantic_instance_14.png,6,12885,0.04915237
semantic_instance_15.png,0,108734,0.41478729
semantic_instance_15.png,1,91418,0.34873199
semantic_instance_15.png,2,4403,0.01679611
semantic_instance_15.png,3,4345,0.01657486
semantic_instance_15.png,4,35904,0.13696289
semantic_instance_15.png,5,4703,0.01794052
semantic_instance_15.png,6,12637,0.04820633
semantic_instance_16.png,0,109009,0.41583633
semantic_instance_16.png,1,91911,0.35061264
semantic_instance_16.png,2,4243,0.01618576
semantic_instance_16.png,3,5037,0.01921463
semantic_instance_16.png,4,35345,0.13483047
semantic_instance_16.png,5,4211,0.01606369
semantic_instance_16.png,6,12388,0.04725647
semantic_instance_17.png,0,109298,0.41693878
semantic_instance_17.png,1,92397,0.35246658
semantic_instance_17.png,2,4095,0.01562119
semantic_instance_17.png,3,5697,0.02173233
semantic_instance_17.png,4,34779,0.13267136
semantic_instance_17.png,5,3733,0.01424026
semantic_instance_17.png,6,12145,0.04632950
semantic_instance_18.png,0,109575,0.41799545
semantic_instance_18.png,1,92701,0.35362625
semantic_instance_18.png,2,3945,0.01504898
semantic_instance_18.png,3,6275,0.02393723
semantic_instance_18.png,4,34287,0.13079453
semantic_instance_18.png,5,3455,0.01317978
semantic_instance_18.png,6,11906,0.04541779
semantic_instance_19.png,0,109893,0.41920853
semantic_instance_19.png,1,92643,0.35340500
semantic_instance_19.png,2,3813,0.01454544
semantic_instance_19.png,3,6554,0.02500153
semantic_instance_19.png,4,34315,0.13090134
semantic_instance_19.png,5,3274,0.01248932
semantic_instance_19.png,6,11652,0.04444885
semantic_instance_20.png,0,110176,0.42028809
semantic_instance_20.png,1,92741,0.35377884
semantic_instance_20.png,2,3699,0.01411057
semantic_instance_20.png,3,6831,0.02605820
semantic_instance_20.png,4,34332,0.13096619
semantic_instance_20.png,5,3121,0.01190567
semantic_instance_20.png,6,11244,0.04289246
semantic_instance_21.png,0,110441,0.42129898
semantic_instance_21.png,1,92880,0.35430908
semantic_instance_21.png,2,3634,0.01386261
semantic_instance_21.png,3,7060,0.02693176
semantic_instance_21.png,4,34342,0.13100433
semantic_instance_21.png,5,2969,0.01132584
semantic_instance_21.png,6,10818,0.04126740
semantic_instance_22.png,0,110673,0.42218399
semantic_instance_22.png,1,93126,0.35524750
semantic_instance_22.png,2,3578,0.01364899
semantic_instance_22.png,3,7265,0.02771378
semantic_instance_22.png,4,34310,0.13088226
semantic_instance_22.png,5,2829,0.01079178
semantic_instance_22.png,6,10363,0.03953171
semantic_instance_23.png,0,110896,0.42303467
semantic_instance_23.png,1,93382,0.35622406
semantic_instance_23.png,2,3552,0.01354980
semantic_instance_23.png,3,7435,0.02836227
semantic_instance_23.png,4,34299,0.13084030
semantic_instance_23.png,5,2693,0.01027298
semantic_instance_23.png,6,9887,0.03771591
semantic_instance_24.png,0,111105,0.42383194
semantic_instance_24.png,1,93742,0.35759735
semantic_instance_24.png,2,3562,0.01358795
semantic_instance_24.png,3,7500,0.02861023
semantic_instance_24.png,4,34261,0.13069534
semantic_instance_24.png,5,2568,0.00979614
semantic_instance_24.png,6,9406,0.03588104
semantic_instance_25.png,0,111291,0.42454147
semantic_instance_25.png,1,94117,0.35902786
semantic_instance_25.png,2,3581,0.01366043
semantic_instance_25.png,3,7502,0.02861786
semantic_instance_25.png,4,34215,0.13051987
semantic_instance_25.png,5,2505,0.00955582
semantic_instance_25.png,6,8933,0.03407669
semantic_instance_26.png,0,111454,0.42516327
semantic_instance_26.png,1,94486,0.36043549
semantic_instance_26.png,2,3607,0.01375961
semantic_instance_26.png,3,7504,0.02862549
semantic_instance_26.png,4,34165,0.13032913
semantic_instance_26.png,5,2465,0.00940323
semantic_instance_26.png,6,8463,0.03228378
semantic_instance_27.png,0,111622,0.42580414
semantic_instance_27.png,1,94855,0.36184311
semantic_instance_27.png,2,3652,0.01393127
semantic_instance_27.png,3,7522,0.02869415
semantic_instance_27.png,4,34100,0.13008118
semantic_instance_27.png,5,2412,0.00920105
semantic_instance_27.png,6,7981,0.03044510
semantic_instance_28.png,0,111753,0.42630386
semantic_instance_28.png,1,95213,0.36320877
semantic_instance_28.png,2,3710,0.01415253
semantic_instance_28.png,3,7527,0.02871323
semantic_instance_28.png,4,34037,0.12984085
semantic_instance_28.png,5,2389,0.00911331
semantic_instance_28.png,6,7515,0.02866745
semantic_instance_29.png,0,111878,0.42678070
semantic_instance_29.png,1,95572,0.36457825
semantic_instance_29.png,2,3786,0.01444244
semantic_instance_29.png,3,7548,0.02879333
semantic_instance_29.png,4,33965,0.12956619
semantic_instance_29.png,5,2343,0.00893784
semantic_instance_29.png,6,7052,0.02690125
semantic_instance_30.png,0,111974,0.42714691
semantic_instance_30.png,1,95925,0.36592484
semantic_instance_30.png,2,3877,0.01478958
semantic_instance_30.png,3,7570,0.02887726
semantic_instance_30.png,4,33880,0.12924194
semantic_instance_30.png,5,2318,0.00884247
semantic_instance_30.png,6,6600,0.02517700
semantic_instance_31.png,0,112042,0.42740631
semantic_instance_31.png,1,96296,0.36734009
semantic_instance_31.png,2,3984,0.01519775
semantic_instance_31.png,3,7586,0.02893829
semantic_instance_31.png,4,33798,0.12892914
semantic_instance_31.png,5,2277,0.00868607
semantic_instance_31.png,6,6161,0.02350235
semantic_instance_32.png,0,112080,0.42755127
semantic_instance_32.png,1,96664,0.36874390
semantic_instance_32.png,2,4101,0.01564407
semantic_instance_32.png,3,7617,0.02905655
semantic_instance_32.png,4,33703,0.12856674
semantic_instance_32.png,5,2253,0.00859451
semantic_instance_32.png,6,5726,0.02184296
semantic_instance_33.png,0,112125,0.42772293
semantic_instance_33.png,1,97047,0.37020493
semantic_instance_33.png,2,4214,0.01607513
semantic_instance_33.png,3,7640,0.02914429
semantic_instance_33.png,4,33606,0.12819672
semantic_instance_33.png,5,2220,0.00846863
semantic_instance_33.png,6,5292,0.02018738
semantic_instance_34.png,0,112140,0.42778015
semantic_instance_34.png,1,97408,0.37158203
semantic_instance_34.png,2,4334,0.01653290
semantic_instance_34.png,3,7677,0.02928543
semantic_instance_34.png,4,33506,0.12781525
semantic_instance_34.png,5,2193,0.00836563
semantic_instance_34.png,6,4886,0.01863861
semantic_instance_35.png,0,112133,0.42775345
semantic_instance_35.png,1,97775,0.37298203
semantic_instance_35.png,2,4464,0.01702881
semantic_instance_35.png,3,7722,0.02945709
semantic_instance_35.png,4,33400,0.12741089
semantic_instance_35.png,5,2157,0.00822830
semantic_instance_35.png,6,4493,0.01713943
semantic_instance_36.png,0,112120,0.42770386
semantic_instance_36.png,1,98151,0.37441635
semantic_instance_36.png,2,4598,0.01753998
semantic_instance_36.png,3,7750,0.02956390
semantic_instance_36.png,4,33304,0.12704468
semantic_instance_36.png,5,2123,0.00809860
semantic_instance_36.png,6,4098,0.01563263
semantic_instance_37.png,0,112071,0.42751694
semantic_instance_37.png,1,98504,0.37576294
semantic_instance_37.png,2,4746,0.01810455
semantic_instance_37.png,3,7807,0.02978134
semantic_instance_37.png,4,33178,0.12656403
semantic_instance_37.png,5,2087,0.00796127
semantic_instance_37.png,6,3751,0.01430893
semantic_instance_38.png,0,111986,0.42719269
semantic_instance_38.png,1,98825,0.37698746
semantic_instance_38.png,2,4894,0.01866913
semantic_instance_38.png,3,7855,0.02996445
semantic_instance_38.png,4,33065,0.12613297
semantic_instance_38.png,5,2091,0.00797653
semantic_instance_38.png,6,3428,0.01307678
semantic_instance_39.png,0,111876,0.42677307
semantic_instance_39.png,1,99069,0.37791824
semantic_instance_39.png,2,5054,0.01927948
semantic_instance_39.png,3,7907,0.03016281
semantic_instance_39.png,4,32945,0.12567520
semantic_instance_39.png,5,2124,0.00810242
semantic_instance_39.png,6,3169,0.01208878
semantic_instance_40.png,0,111724,0.42619324
semantic_instance_40.png,1,99263,0.37865829
semantic_instance_40.png,2,5214,0.01988983
semantic_instance_40.png,3,7965,0.03038406
semantic_instance_40.png,4,32821,0.12520218
semantic_instance_40.png,5,2196,0.00837708
semantic_instance_40.png,6,2961,0.01129532
semantic_instance_41.png,0,111533,0.42546463
semantic_instance_41.png,1,99439,0.37932968
semantic_instance_41.png,2,5365,0.02046585
semantic_instance_41.png,3,8014,0.03057098
semantic_instance_41.png,4,32699,0.12473679
semantic_instance_41.png,5,2279,0.00869370
semantic_instance_41.png,6,2815,0.01073837
semantic_instance_42.png,0,111306,0.42459869
semantic_instance_42.png,1,99559,0.37978745
semantic_instance_42.png,2,5536,0.02111816
semantic_instance_42.png,3,8099,0.03089523
semantic_instance_42.png,4,32573,0.12425613
semantic_instance_42.png,5,2379,0.00907516
semantic_instance_42.png,6,2692,0.01026917
semantic_instance_43.png,0,111001,0.42343521
semantic_instance_43.png,1,99734,0.38045502
semantic_instance_43.png,2,5712,0.02178955
semantic_instance_43.png,3,8152,0.03109741
semantic_instance_43.png,4,32444,0.12376404
semantic_instance_43.png,5,2518,0.00960541
semantic_instance_43.png,6,2583,0.00985336
semantic_instance_44.png,0,110721,0.42236710
semantic_instance_44.png,1,99843,0.38087082
semantic_instance_44.png,2,5907,0.02253342
semantic_instance_44.png,3,8248,0.03146362
semantic_instance_44.png,4,32304,0.12322998
semantic_instance_44.png,5,2629,0.01002884
semantic_instance_44.png,6,2492,0.00950623
semantic_instance_45.png,0,110413,0.42119217
semantic_instance_45.png,1,99964,0.38133240
semantic_instance_45.png,2,6095,0.02325058
semantic_instance_45.png,3,8317,0.03172684
semantic_instance_45.png,4,32165,0.12269974
semantic_instance_45.png,5,2781,0.01060867
semantic_instance_45.png,6,2409,0.00918961
semantic_instance_46.png,0,110065,0.41986465
semantic_instance_46.png,1,100084,0.38179016
semantic_instance_46.png,2,6298,0.02402496
semantic_instance_46.png,3,8406,0.03206635
semantic_instance_46.png,4,32025,0.12216568
semantic_instance_46.png,5,2931,0.01118088
semantic_instance_46.png,6,2335,0.00890732
semantic_instance_47.png,0,109710,0.41851044
semantic_instance_47.png,1,100185,0.38217545
semantic_instance_47.png,2,6494,0.02477264
semantic_instance_47.png,3,8492,0.03239441
semantic_instance_47.png,4,31889,0.12164688
semantic_instance_47.png,5,3110,0.01186371
semantic_instance_47.png,6,2264,0.00863647
semantic_instance_48.png,0,109345,0.41711807
semantic_instance_48.png,1,100284,0.38255310
semantic_instance_48.png,2,6710,0.02559662
semantic_instance_48.png,3,8584,0.03274536
semantic_instance_48.png,4,31742,0.12108612
semantic_instance_48.png,5,3275,0.01249313
semantic_instance_48.png,6,2204,0.00840759
semantic_instance_49.png,0,108922,0.41550446
semantic_instance_49.png,1,100285,0.38255692
semantic_instance_49.png,2,6972,0.02659607
semantic_instance_49.png,3,8693,0.03316116
semantic_instance_49.png,4,31593,0.12051773
semantic_instance_49.png,5,3533,0.01347733
semantic_instance_49.png,6,2146,0.00818634
semantic_instance_50.png,0,108481,0.41382217
semantic_instance_50.png,1,100364,0.38285828
semantic_instance_50.png,2,7237,0.02760696
semantic_instance_50.png,3,8789,0.03352737
semantic_instance_50.png,4,31447,0.11996078
semantic_instance_50.png,5,3730,0.01422882
semantic_instance_50.png,6,2096,0.00799561
semantic_instance_51.png,0,107982,0.41191864
semantic_instance_51.png,1,100461,0.38322830
semantic_instance_51.png,2,7516,0.02867126
semantic_instance_51.png,3,8905,0.03396988
semantic_instance_51.png,4,31282,0.11933136
semantic_instance_51.png,5,3949,0.01506424
semantic_instance_51.png,6,2049,0.00781631
semantic_instance_52.png,0,107487,0.41003036
semantic_instance_52.png,1,100578,0.38367462
semantic_instance_52.png,2,7801,0.02975845
semantic_instance_52.png,3,9014,0.03438568
semantic_instance_52.png,4,31113,0.11868668
semantic_instance_52.png,5,4145,0.01581192
semantic_instance_52.png,6,2006,0.00765228
semantic_instance_53.png,0,106973,0.40806961
semantic_instance_53.png,1,100681,0.38406754
semantic_instance_53.png,2,8074,0.03079987
semantic_instance_53.png,3,9136,0.03485107
semantic_instance_53.png,4,30951,0.11806870
semantic_instance_53.png,5,4363,0.01664352
semantic_instance_53.png,6,1966,0.00749969
semantic_instance_54.png,0,106447,0.40606308
semantic_instance_54.png,1,100798,0.38451385
semantic_instance_54.png,2,8360,0.03189087
semantic_instance_54.png,3,9264,0.03533936
semantic_instance_54.png,4,30777,0.11740494
semantic_instance_54.png,5,4568,0.01742554
semantic_instance_54.png,6,1930,0.00736237
semantic_instance_55.png,0,105907,0.40400314
semantic_instance_55.png,1,100911,0.38494492
semantic_instance_55.png,2,8653,0.03300858
semantic_instance_55.png,3,9396,0.03584290
semantic_instance_55.png,4,30600,0.11672974
semantic_instance_55.png,5,4776,0.01821899
semantic_instance_55.png,6,1901,0.00725174
semantic_instance_56.png,0,105375,0.40197372
semantic_instance_56.png,1,101024,0.38537598
semantic_instance_56.png,2,8957,0.03416824
semantic_instance_56.png,3,9533,0.03636551
semantic_instance_56.png,4,30415,0.11602402
semantic_instance_56.png,5,4970,0.01895905
semantic_instance_56.png,6,1870,0.00713348
semantic_instance_57.png,0,104850,0.39997101
semantic_instance_57.png,1,101096,0.38565063
semantic_instance_57.png,2,9266,0.03534698
semantic_instance_57.png,3,9681,0.03693008
semantic_instance_57.png,4,30232,0.11532593
semantic_instance_57.png,5,5177,0.01974869
semantic_instance_57.png,6,1842,0.00702667
semantic_instance_58.png,0,104287,0.39782333
semantic_instance_58.png,1,101154,0.38587189
semantic_instance_58.png,2,9606,0.03664398
semantic_instance_58.png,3,9830,0.03749847
semantic_instance_58.png,4,30044,0.11460876
semantic_instance_58.png,5,5404,0.02061462
semantic_instance_58.png,6,1819,0.00693893
semantic_instance_59.png,0,103752,0.39578247
semantic_instance_59.png,1,101183,0.38598251
semantic_instance_59.png,2,9969,0.03802872
semantic_instance_59.png,3,9991,0.03811264
semantic_instance_59.png,4,29848,0.11386108
semantic_instance_59.png,5,5609,0.02139664
semantic_instance_59.png,6,1792,0.00683594
semantic_instance_60.png,0,103186,0.39362335
semantic_instance_60.png,1,101218,0.38611603
semantic_instance_60.png,2,10342,0.03945160
semantic_instance_60.png,3,10150,0.03871918
semantic_instance_60.png,4,29639,0.11306381
semantic_instance_60.png,5,5834,0.02225494
semantic_instance_60.png,6,1775,0.00677109
semantic_instance_61.png,0,102635,0.39152145
semantic_instance_61.png,1,101183,0.38598251
semantic_instance_61.png,2,10747,0.04099655
semantic_instance_61.png,3,10330,0.03940582
semantic_instance_61.png,4,29431,0.11227036
semantic_instance_61.png,5,6064,0.02313232
semantic_instance_61.png,6,1754,0.00669098
semantic_instance_62.png,0,102084,0.38941956
semantic_instance_62.png,1,101163,0.38590622
semantic_instance_62.png,2,11163,0.04258347
semantic_instance_62.png,3,10496,0.04003906
semantic_instance_62.png,4,29212,0.11143494
semantic_instance_62.png,5,6292,0.02400208
semantic_instance_62.png,6,1734,0.00661469
semantic_instance_63.png,0,101532,0.38731384
semantic_instance_63.png,1,101103,0.38567734
semantic_instance_63.png,2,11585,0.04419327
semantic_instance_63.png,3,10692,0.04078674
semantic_instance_63.png,4,28982,0.11055756
semantic_instance_63.png,5,6533,0.02492142
semantic_instance_63.png,6,1717,0.00654984
semantic_instance_64.png,0,100982,0.38521576
semantic_instance_64.png,1,101025,0.38537979
semantic_instance_64.png,2,12009,0.04581070
semantic_instance_64.png,3,10891,0.04154587
semantic_instance_64.png,4,28748,0.10966492
semantic_instance_64.png,5,6794,0.02591705
semantic_instance_64.png,6,1695,0.00646591
semantic_instance_65.png,0,100455,0.38320541
semantic_instance_65.png,1,100960,0.38513184
semantic_instance_65.png,2,12446,0.04747772
semantic_instance_65.png,3,11077,0.04225540
semantic_instance_65.png,4,28502,0.10872650
semantic_instance_65.png,5,7027,0.02680588
semantic_instance_65.png,6,1677,0.00639725
semantic_instance_66.png,0,99956,0.38130188
semantic_instance_66.png,1,100928,0.38500977
semantic_instance_66.png,2,12858,0.04904938
semantic_instance_66.png,3,11281,0.04303360
semantic_instance_66.png,4,28246,0.10774994
semantic_instance_66.png,5,7212,0.02751160
semantic_instance_66.png,6,1663,0.00634384
semantic_instance_67.png,0,99442,0.37934113
semantic_instance_67.png,1,100908,0.38493347
semantic_instance_67.png,2,13252,0.05055237
semantic_instance_67.png,3,11490,0.04383087
semantic_instance_67.png,4,27993,0.10678482
semantic_instance_67.png,5,7415,0.02828598
semantic_instance_67.png,6,1644,0.00627136
semantic_instance_68.png,0,98974,0.37755585
semantic_instance_68.png,1,100859,0.38474655
semantic_instance_68.png,2,13687,0.05221176
semantic_instance_68.png,3,11710,0.04467010
semantic_instance_68.png,4,27721,0.10574722
semantic_instance_68.png,5,7567,0.02886581
semantic_instance_68.png,6,1626,0.00620270
semantic_instance_69.png,0,98503,0.37575912
semantic_instance_69.png,1,100856,0.38473511
semantic_instance_69.png,2,14076,0.05369568
semantic_instance_69.png,3,11941,0.04555130
semantic_instance_69.png,4,27441,0.10467911
semantic_instance_69.png,5,7721,0.02945328
semantic_instance_69.png,6,1606,0.00612640
semantic_instance_70.png,0,98077,0.37413406
semantic_instance_70.png,1,100821,0.38460159
semantic_instance_70.png,2,14463,0.05517197
semantic_instance_70.png,3,12184,0.04647827
semantic_instance_70.png,4,27153,0.10358047
semantic_instance_70.png,5,7863,0.02999496
semantic_instance_70.png,6,1583,0.00603867
semantic_instance_71.png,0,97657,0.37253189
semantic_instance_71.png,1,100795,0.38450241
semantic_instance_71.png,2,14801,0.05646133
semantic_instance_71.png,3,12433,0.04742813
semantic_instance_71.png,4,26855,0.10244370
semantic_instance_71.png,5,7986,0.03046417
semantic_instance_71.png,6,1617,0.00616837
semantic_instance_72.png,0,97249,0.37097549
semantic_instance_72.png,1,100559,0.38360214
semantic_instance_72.png,2,15096,0.05758667
semantic_instance_72.png,3,12683,0.04838181
semantic_instance_72.png,4,26541,0.10124588
semantic_instance_72.png,5,8120,0.03097534
semantic_instance_72.png,6,1896,0.00723267
semantic_instance_73.png,0,96848,0.36944580
semantic_instance_73.png,1,100302,0.38262177
semantic_instance_73.png,2,15355,0.05857468
semantic_instance_73.png,3,12932,0.04933167
semantic_instance_73.png,4,26330,0.10044098
semantic_instance_73.png,5,8241,0.03143692
semantic_instance_73.png,6,2136,0.00814819
semantic_instance_74.png,0,96432,0.36785889
semantic_instance_74.png,1,100115,0.38190842
semantic_instance_74.png,2,15624,0.05960083
semantic_instance_74.png,3,13194,0.05033112
semantic_instance_74.png,4,26114,0.09961700
semantic_instance_74.png,5,8328,0.03176880
semantic_instance_74.png,6,2337,0.00891495
semantic_instance_75.png,0,96025,0.36630630
semantic_instance_75.png,1,99890,0.38105011
semantic_instance_75.png,2,15897,0.06064224
semantic_instance_75.png,3,13480,0.05142212
semantic_instance_75.png,4,25884,0.09873962
semantic_instance_75.png,5,8429,0.03215408
semantic_instance_75.png,6,2539,0.00968552
semantic_instance_76.png,0,95524,0.36439514
semantic_instance_76.png,1,99702,0.38033295
semantic_instance_76.png,2,16193,0.06177139
semantic_instance_76.png,3,13761,0.05249405
semantic_instance_76.png,4,25704,0.09805298
semantic_instance_76.png,5,8517,0.03248978
semantic_instance_76.png,6,2743,0.01046371
semantic_instance_77.png,0,95077,0.36268997
semantic_instance_77.png,1,99108,0.37806702
semantic_instance_77.png,2,16469,0.06282425
semantic_instance_77.png,3,14062,0.05364227
semantic_instance_77.png,4,25890,0.09876251
semantic_instance_77.png,5,8588,0.03276062
semantic_instance_77.png,6,2950,0.01125336
semantic_instance_78.png,0,94601,0.36087418
semantic_instance_78.png,1,98579,0.37604904
semantic_instance_78.png,2,16760,0.06393433
semantic_instance_78.png,3,14361,0.05478287
semantic_instance_78.png,4,26033,0.09930801
semantic_instance_78.png,5,8661,0.03303909
semantic_instance_78.png,6,3149,0.01201248
semantic_instance_79.png,0,94133,0.35908890
semantic_instance_79.png,1,98101,0.37422562
semantic_instance_79.png,2,17051,0.06504440
semantic_instance_79.png,3,14656,0.05590820
semantic_instance_79.png,4,26131,0.09968185
semantic_instance_79.png,5,8705,0.03320694
semantic_instance_79.png,6,3367,0.01284409
semantic_instance_80.png,0,93643,0.35721970
semantic_instance_80.png,1,97683,0.37263107
semantic_instance_80.png,2,17327,0.06609726
semantic_instance_80.png,3,14950,0.05702972
semantic_instance_80.png,4,26186,0.09989166
semantic_instance_80.png,5,8777,0.03348160
semantic_instance_80.png,6,3578,0.01364899
semantic_instance_81.png,0,93208,0.35556030
semantic_instance_81.png,1,97245,0.37096024
semantic_instance_81.png,2,17623,0.06722641
semantic_instance_81.png,3,15293,0.05833817
semantic_instance_81.png,4,26200,0.09994507
semantic_instance_81.png,5,8814,0.03362274
semantic_instance_81.png,6,3761,0.01434708
semantic_instance_82.png,0,92785,0.35394669
semantic_instance_82.png,1,96878,0.36956024
semantic_instance_82.png,2,17910,0.06832123
semantic_instance_82.png,3,15621,0.05958939
semantic_instance_82.png,4,26171,0.09983444
semantic_instance_82.png,5,8860,0.03379822
semantic_instance_82.png,6,3919,0.01494980
semantic_instance_83.png,0,92394,0.35245514
semantic_instance_83.png,1,96567,0.36837387
semantic_instance_83.png,2,18171,0.06931686
semantic_instance_83.png,3,15943,0.06081772
semantic_instance_83.png,4,26107,0.09959030
semantic_instance_83.png,5,8928,0.03405762
semantic_instance_83.png,6,4034,0.01538849
semantic_instance_84.png,0,92018,0.35102081
semantic_instance_84.png,1,96304,0.36737061
semantic_instance_84.png,2,18462,0.07042694
semantic_instance_84.png,3,16284,0.06211853
semantic_instance_84.png,4,26009,0.09921646
semantic_instance_84.png,5,8964,0.03419495
semantic_instance_84.png,6,4103,0.01565170
semantic_instance_85.png,0,91689,0.34976578
semantic_instance_85.png,1,96087,0.36654282
semantic_instance_85.png,2,18727,0.07143784
semantic_instance_85.png,3,16623,0.06341171
semantic_instance_85.png,4,25876,0.09870911
semantic_instance_85.png,5,9010,0.03437042
semantic_instance_85.png,6,4132,0.01576233
semantic_instance_86.png,0,91375,0.34856796
semantic_instance_86.png,1,95787,0.36539841
semantic_instance_86.png,2,18997,0.07246780
semantic_instance_86.png,3,16988,0.06480408
semantic_instance_86.png,4,25887,0.09875107
semantic_instance_86.png,5,9063,0.03457260
semantic_instance_86.png,6,4047,0.01543808
semantic_instance_87.png,0,91052,0.34733582
semantic_instance_87.png,1,95395,0.36390305
semantic_instance_87.png,2,19293,0.07359695
semantic_instance_87.png,3,17332,0.06611633
semantic_instance_87.png,4,26125,0.09965897
semantic_instance_87.png,5,9105,0.03473282
semantic_instance_87.png,6,3842,0.01465607
semantic_instance_88.png,0,90779,0.34629440
semantic_instance_88.png,1,95010,0.36243439
semantic_instance_88.png,2,19529,0.07449722
semantic_instance_88.png,3,17689,0.06747818
semantic_instance_88.png,4,26340,0.10047913
semantic_instance_88.png,5,9172,0.03498840
semantic_instance_88.png,6,3625,0.01382828
semantic_instance_89.png,0,90517,0.34529495
semantic_instance_89.png,1,94607,0.36089706
semantic_instance_89.png,2,19788,0.07548523
semantic_instance_89.png,3,18049,0.06885147
semantic_instance_89.png,4,26531,0.10120773
semantic_instance_89.png,5,9246,0.03527069
semantic_instance_89.png,6,3406,0.01299286
semantic_instance_90.png,0,90285,0.34440994
semantic_instance_90.png,1,94194,0.35932159
semantic_instance_90.png,2,20030,0.07640839
semantic_instance_90.png,3,18422,0.07027435
semantic_instance_90.png,4,26691,0.10181808
semantic_instance_90.png,5,9340,0.03562927
semantic_instance_90.png,6,3182,0.01213837
semantic_instance_91.png,0,90053,0.34352493
semantic_instance_91.png,1,93762,0.35767365
semantic_instance_91.png,2,20270,0.07732391
semantic_instance_91.png,3,18786,0.07166290
semantic_instance_91.png,4,26767,0.10210800
semantic_instance_91.png,5,9465,0.03610611
semantic_instance_91.png,6,3041,0.01160049
semantic_instance_92.png,0,89853,0.34276199
semantic_instance_92.png,1,93257,0.35574722
semantic_instance_92.png,2,20488,0.07815552
semantic_instance_92.png,3,19160,0.07308960
semantic_instance_92.png,4,26827,0.10233688
semantic_instance_92.png,5,9646,0.03679657
semantic_instance_92.png,6,2913,0.01111221
semantic_instance_93.png,0,89659,0.34202194
semantic_instance_93.png,1,92736,0.35375977
semantic_instance_93.png,2,20714,0.07901764
semantic_instance_93.png,3,19530,0.07450104
semantic_instance_93.png,4,26859,0.10245895
semantic_instance_93.png,5,9827,0.03748703
semantic_instance_93.png,6,2819,0.01075363
semantic_instance_94.png,0,89447,0.34121323
semantic_instance_94.png,1,92221,0.35179520
semantic_instance_94.png,2,20937,0.07986832
semantic_instance_94.png,3,19905,0.07593155
semantic_instance_94.png,4,26879,0.10253525
semantic_instance_94.png,5,10037,0.03828812
semantic_instance_94.png,6,2718,0.01036835
semantic_instance_95.png,0,89222,0.34035492
semantic_instance_95.png,1,91749,0.34999466
semantic_instance_95.png,2,21124,0.08058167
semantic_instance_95.png,3,20274,0.07733917
semantic_instance_95.png,4,26865,0.10248184
semantic_instance_95.png,5,10289,0.03924942
semantic_instance_95.png,6,2621,0.00999832
semantic_instance_96.png,0,88979,0.33942795
semantic_instance_96.png,1,91274,0.34818268
semantic_instance_96.png,2,21311,0.08129501
semantic_instance_96.png,3,20641,0.07873917
semantic_instance_96.png,4,26852,0.10243225
semantic_instance_96.png,5,10550,0.04024506
semantic_instance_96.png,6,2537,0.00967789
semantic_instance_97.png,0,88736,0.33850098
semantic_instance_97.png,1,90760,0.34622192
semantic_instance_97.png,2,21517,0.08208084
semantic_instance_97.png,3,21006,0.08013153
semantic_instance_97.png,4,26849,0.10242081
semantic_instance_97.png,5,10827,0.04130173
semantic_instance_97.png,6,2449,0.00934219
semantic_instance_98.png,0,88477,0.33751297
semantic_instance_98.png,1,90247,0.34426498
semantic_instance_98.png,2,21697,0.08276749
semantic_instance_98.png,3,21365,0.08150101
semantic_instance_98.png,4,26845,0.10240555
semantic_instance_98.png,5,11126,0.04244232
semantic_instance_98.png,6,2387,0.00910568
semantic_instance_99.png,0,88206,0.33647919
semantic_instance_99.png,1,89714,0.34223175
semantic_instance_99.png,2,21848,0.08334351
semantic_instance_99.png,3,21734,0.08290863
semantic_instance_99.png,4,26847,0.10241318
semantic_instance_99.png,5,11459,0.04371262
semantic_instance_99.png,6,2336,0.00891113
semantic_instance_100.png,0,87908,0.33534241
semantic_instance_100.png,1,89166,0.34014130
semantic_instance_100.png,2,22015,0.08398056
semantic_instance_100.png,3,22085,0.08424759
semantic_instance_100.png,4,26845,0.10240555
semantic_instance_100.png,5,11849,0.04520035
semantic_instance_100.png,6,2276,0.00868225
semantic_instance_101.png,0,87618,0.33423615
semantic_instance_101.png,1,88619,0.33805466
semantic_instance_101.png,2,22143,0.08446884
semantic_instance_101.png,3,22419,0.08552170
semantic_instance_101.png,4,26855,0.10244370
semantic_instance_101.png,5,12267,0.04679489
semantic_instance_101.png,6,2223,0.00848007
semantic_instance_102.png,0,87364,0.33326721
semantic_instance_102.png,1,88012,0.33573914
semantic_instance_102.png,2,22279,0.08498764
semantic_instance_102.png,3,22752,0.08679199
semantic_instance_102.png,4,26873,0.10251236
semantic_instance_102.png,5,12711,0.04848862
semantic_instance_102.png,6,2153,0.00821304
semantic_instance_103.png,0,87106,0.33228302
semantic_instance_103.png,1,87355,0.33323288
semantic_instance_103.png,2,22403,0.08546066
semantic_instance_103.png,3,23077,0.08803177
semantic_instance_103.png,4,26896,0.10260010
semantic_instance_103.png,5,13219,0.05042648
semantic_instance_103.png,6,2088,0.00796509
semantic_instance_104.png,0,86889,0.33145523
semantic_instance_104.png,1,86630,0.33046722
semantic_instance_104.png,2,22528,0.08593750
semantic_instance_104.png,3,23411,0.08930588
semantic_instance_104.png,4,26922,0.10269928
semantic_instance_104.png,5,13745,0.05243301
semantic_instance_104.png,6,2019,0.00770187
semantic_instance_105.png,0,86688,0.33068848
semantic_instance_105.png,1,85901,0.32768631
semantic_instance_105.png,2,22613,0.08626175
semantic_instance_105.png,3,23720,0.09048462
semantic_instance_105.png,4,26948,0.10279846
semantic_instance_105.png,5,14321,0.05463028
semantic_instance_105.png,6,1953,0.00745010
semantic_instance_106.png,0,86518,0.33003998
semantic_instance_106.png,1,85116,0.32469177
semantic_instance_106.png,2,22727,0.08669662
semantic_instance_106.png,3,24013,0.09160233
semantic_instance_106.png,4,26994,0.10297394
semantic_instance_106.png,5,14890,0.05680084
semantic_instance_106.png,6,1886,0.00719452
semantic_instance_107.png,0,86360,0.32943726
semantic_instance_107.png,1,84296,0.32156372
semantic_instance_107.png,2,22832,0.08709717
semantic_instance_107.png,3,24293,0.09267044
semantic_instance_107.png,4,27040,0.10314941
semantic_instance_107.png,5,15486,0.05907440
semantic_instance_107.png,6,1837,0.00700760
semantic_instance_108.png,0,86235,0.32896042
semantic_instance_108.png,1,83485,0.31847000
semantic_instance_108.png,2,22899,0.08735275
semantic_instance_108.png,3,24553,0.09366226
semantic_instance_108.png,4,27093,0.10335159
semantic_instance_108.png,5,16098,0.06140900
semantic_instance_108.png,6,1781,0.00679398
semantic_instance_109.png,0,86140,0.32859802
semantic_instance_109.png,1,82693,0.31544876
semantic_instance_109.png,2,22950,0.08754730
semantic_instance_109.png,3,24810,0.09464264
semantic_instance_109.png,4,27151,0.10357285
semantic_instance_109.png,5,16685,0.06364822
semantic_instance_109.png,6,1715,0.00654221
semantic_instance_110.png,0,86060,0.32829285
semantic_instance_110.png,1,81924,0.31251526
semantic_instance_110.png,2,22970,0.08762360
semantic_instance_110.png,3,25027,0.09547043
semantic_instance_110.png,4,27213,0.10380936
semantic_instance_110.png,5,17303,0.06600571
semantic_instance_110.png,6,1647,0.00628281
semantic_instance_111.png,0,85981,0.32799149
semantic_instance_111.png,1,81176,0.30966187
semantic_instance_111.png,2,22961,0.08758926
semantic_instance_111.png,3,25221,0.09621048
semantic_instance_111.png,4,27285,0.10408401
semantic_instance_111.png,5,17940,0.06843567
semantic_instance_111.png,6,1580,0.00602722
semantic_instance_112.png,0,85940,0.32783508
semantic_instance_112.png,1,80434,0.30683136
semantic_instance_112.png,2,22915,0.08741379
semantic_instance_112.png,3,25455,0.09710312
semantic_instance_112.png,4,27345,0.10431290
semantic_instance_112.png,5,18557,0.07078934
semantic_instance_112.png,6,1498,0.00571442
semantic_instance_113.png,0,85895,0.32766342
semantic_instance_113.png,1,79837,0.30455399
semantic_instance_113.png,2,22854,0.08718109
semantic_instance_113.png,3,25620,0.09773254
semantic_instance_113.png,4,27331,0.10425949
semantic_instance_113.png,5,19180,0.07316589
semantic_instance_113.png,6,1427,0.00544357
semantic_instance_114.png,0,85794,0.32727814
semantic_instance_114.png,1,79367,0.30276108
semantic_instance_114.png,2,22770,0.08686066
semantic_instance_114.png,3,25787,0.09836960
semantic_instance_114.png,4,27241,0.10391617
semantic_instance_114.png,5,19817,0.07559586
semantic_instance_114.png,6,1368,0.00521851
semantic_instance_115.png,0,85759,0.32714462
semantic_instance_115.png,1,79100,0.30174255
semantic_instance_115.png,2,22669,0.08647537
semantic_instance_115.png,3,25919,0.09887314
semantic_instance_115.png,4,26961,0.10284805
semantic_instance_115.png,5,20435,0.07795334
semantic_instance_115.png,6,1301,0.00496292
semantic_instance_116.png,0,85817,0.32736588
semantic_instance_116.png,1,78920,0.30105591
semantic_instance_116.png,2,22567,0.08608627
semantic_instance_116.png,3,26009,0.09921646
semantic_instance_116.png,4,26563,0.10132980
semantic_instance_116.png,5,21033,0.08023453
semantic_instance_116.png,6,1235,0.00471115
semantic_instance_117.png,0,85898,0.32767487
semantic_instance_117.png,1,78816,0.30065918
semantic_instance_117.png,2,22419,0.08552170
semantic_instance_117.png,3,26102,0.09957123
semantic_instance_117.png,4,26122,0.09964752
semantic_instance_117.png,5,21598,0.08238983
semantic_instance_117.png,6,1189,0.00453568
semantic_instance_118.png,0,85966,0.32793427
semantic_instance_118.png,1,78672,0.30010986
semantic_instance_118.png,2,22245,0.08485794
semantic_instance_118.png,3,26158,0.09978485
semantic_instance_118.png,4,25796,0.09840393
semantic_instance_118.png,5,22143,0.08446884
semantic_instance_118.png,6,1164,0.00444031
semantic_instance_119.png,0,86098,0.32843781
semantic_instance_119.png,1,78668,0.30009460
semantic_instance_119.png,2,22052,0.08412170
semantic_instance_119.png,3,26211,0.09998703
semantic_instance_119.png,4,25314,0.09656525
semantic_instance_119.png,5,22642,0.08637238
semantic_instance_119.png,6,1159,0.00442123
semantic_instance_120.png,0,86232,0.32894897
semantic_instance_120.png,1,78689,0.30017471
semantic_instance_120.png,2,21882,0.08347321
semantic_instance_120.png,3,26238,0.10009003
semantic_instance_120.png,4,24857,0.09482193
semantic_instance_120.png,5,23088,0.08807373
semantic_instance_120.png,6,1158,0.00441742
semantic_instance_121.png,0,86404,0.32960510
semantic_instance_121.png,1,78680,0.30014038
semantic_instance_121.png,2,21738,0.08292389
semantic_instance_121.png,3,26244,0.10011292
semantic_instance_121.png,4,24391,0.09304428
semantic_instance_121.png,5,23516,0.08970642
semantic_instance_121.png,6,1171,0.00446701
semantic_instance_122.png,0,86634,0.33048248
semantic_instance_122.png,1,78697,0.30020523
semantic_instance_122.png,2,21571,0.08228683
semantic_instance_122.png,3,26220,0.10002136
semantic_instance_122.png,4,23939,0.09132004
semantic_instance_122.png,5,23880,0.09109497
semantic_instance_122.png,6,1203,0.00458908
semantic_instance_123.png,0,86888,0.33145142
semantic_instance_123.png,1,78807,0.30062485
semantic_instance_123.png,2,21411,0.08167648
semantic_instance_123.png,3,26154,0.09976959
semantic_instance_123.png,4,23457,0.08948135
semantic_instance_123.png,5,24192,0.09228516
semantic_instance_123.png,6,1235,0.00471115
semantic_instance_124.png,0,87203,0.33265305
semantic_instance_124.png,1,78928,0.30108643
semantic_instance_124.png,2,21230,0.08098602
semantic_instance_124.png,3,26089,0.09952164
semantic_instance_124.png,4,22985,0.08768082
semantic_instance_124.png,5,24429,0.09318924
semantic_instance_124.png,6,1280,0.00488281
semantic_instance_125.png,0,87544,0.33395386
semantic_instance_125.png,1,79128,0.30184937
semantic_instance_125.png,2,21056,0.08032227
semantic_instance_125.png,3,25994,0.09915924
semantic_instance_125.png,4,22460,0.08567810
semantic_instance_125.png,5,24631,0.09395981
semantic_instance_125.png,6,1331,0.00507736
semantic_instance_126.png,0,87937,0.33545303
semantic_instance_126.png,1,79393,0.30286026
semantic_instance_126.png,2,20860,0.07957458
semantic_instance_126.png,3,25896,0.09878540
semantic_instance_126.png,4,21864,0.08340454
semantic_instance_126.png,5,24806,0.09462738
semantic_instance_126.png,6,1388,0.00529480
semantic_instance_127.png,0,88382,0.33715057
semantic_instance_127.png,1,79707,0.30405807
semantic_instance_127.png,2,20667,0.07883835
semantic_instance_127.png,3,25753,0.09823990
semantic_instance_127.png,4,21224,0.08096313
semantic_instance_127.png,5,24971,0.09525681
semantic_instance_127.png,6,1440,0.00549316
semantic_instance_128.png,0,88844,0.33891296
semantic_instance_128.png,1,80100,0.30555725
semantic_instance_128.png,2,20455,0.07802963
semantic_instance_128.png,3,25602,0.09766388
semantic_instance_128.png,4,20546,0.07837677
semantic_instance_128.png,5,25097,0.09573746
semantic_instance_128.png,6,1500,0.00572205
semantic_instance_129.png,0,89356,0.34086609
semantic_instance_129.png,1,80502,0.30709076
semantic_instance_129.png,2,20262,0.07729340
semantic_instance_129.png,3,25434,0.09702301
semantic_instance_129.png,4,19835,0.07566452
semantic_instance_129.png,5,25198,0.09612274
semantic_instance_129.png,6,1557,0.00593948
semantic_instance_130.png,0,89903,0.34295273
semantic_instance_130.png,1,80933,0.30873489
semantic_instance_130.png,2,20082,0.07660675
semantic_instance_130.png,3,25244,0.09629822
semantic_instance_130.png,4,19075,0.07276535
semantic_instance_130.png,5,25279,0.09643173
semantic_instance_130.png,6,1628,0.00621033
semantic_instance_131.png,0,90462,0.34508514
semantic_instance_131.png,1,81369,0.31039810
semantic_instance_131.png,2,19916,0.07597351
semantic_instance_131.png,3,25026,0.09546661
semantic_instance_131.png,4,18315,0.06986618
semantic_instance_131.png,5,25357,0.09672928
semantic_instance_131.png,6,1699,0.00648117
semantic_instance_132.png,0,91021,0.34721756
semantic_instance_132.png,1,81774,0.31194305
semantic_instance_132.png,2,19772,0.07542419
semantic_instance_132.png,3,24816,0.09466553
semantic_instance_132.png,4,17554,0.06696320
semantic_instance_132.png,5,25428,0.09700012
semantic_instance_132.png,6,1779,0.00678635
semantic_instance_133.png,0,91587,0.34937668
semantic_instance_133.png,1,82159,0.31341171
semantic_instance_133.png,2,19647,0.07494736
semantic_instance_133.png,3,24575,0.09374619
semantic_instance_133.png,4,16795,0.06406784
semantic_instance_133.png,5,25515,0.09733200
semantic_instance_133.png,6,1866,0.00711823
semantic_instance_134.png,0,92160,0.35156250
semantic_instance_134.png,1,82529,0.31482315
semantic_instance_134.png,2,19554,0.07459259
semantic_instance_134.png,3,24310,0.09273529
semantic_instance_134.png,4,16052,0.06123352
semantic_instance_134.png,5,25554,0.09748077
semantic_instance_134.png,6,1985,0.00757217
semantic_instance_135.png,0,92721,0.35370255
semantic_instance_135.png,1,82890,0.31620026
semantic_instance_135.png,2,19472,0.07427979
semantic_instance_135.png,3,24042,0.09171295
semantic_instance_135.png,4,15304,0.05838013
semantic_instance_135.png,5,25569,0.09753799
semantic_instance_135.png,6,2146,0.00818634
semantic_instance_136.png,0,93288,0.35586548
semantic_instance_136.png,1,83214,0.31743622
semantic_instance_136.png,2,19401,0.07400894
semantic_instance_136.png,3,23769,0.09067154
semantic_instance_136.png,4,14572,0.05558777
semantic_instance_136.png,5,25561,0.09750748
semantic_instance_136.png,6,2339,0.00892258
semantic_instance_137.png,0,93835,0.35795212
semantic_instance_137.png,1,83548,0.31871033
semantic_instance_137.png,2,19302,0.07363129
semantic_instance_137.png,3,23497,0.08963394
semantic_instance_137.png,4,13829,0.05275345
semantic_instance_137.png,5,25526,0.09737396
semantic_instance_137.png,6,2607,0.00994492
semantic_instance_138.png,0,94389,0.36006546
semantic_instance_138.png,1,83910,0.32009125
semantic_instance_138.png,2,19216,0.07330322
semantic_instance_138.png,3,23186,0.08844757
semantic_instance_138.png,4,13101,0.04997635
semantic_instance_138.png,5,25470,0.09716034
semantic_instance_138.png,6,2872,0.01095581
semantic_instance_139.png,0,94902,0.36202240
semantic_instance_139.png,1,84328,0.32168579
semantic_instance_139.png,2,19133,0.07298660
semantic_instance_139.png,3,22877,0.08726883
semantic_instance_139.png,4,12385,0.04724503
semantic_instance_139.png,5,25441,0.09704971
semantic_instance_139.png,6,3078,0.01174164
semantic_instance_140.png,0,95416,0.36398315
semantic_instance_140.png,1,84837,0.32362747
semantic_instance_140.png,2,19035,0.07261276
semantic_instance_140.png,3,22566,0.08608246
semantic_instance_140.png,4,11667,0.04450607
semantic_instance_140.png,5,25412,0.09693909
semantic_instance_140.png,6,3211,0.01224899
semantic_instance_141.png,0,95896,0.36581421
semantic_instance_141.png,1,85438,0.32592010
semantic_instance_141.png,2,18934,0.07222748
semantic_instance_141.png,3,22237,0.08482742
semantic_instance_141.png,4,10968,0.04183960
semantic_instance_141.png,5,25393,0.09686661
semantic_instance_141.png,6,3278,0.01250458
semantic_instance_142.png,0,96381,0.36766434
semantic_instance_142.png,1,86155,0.32865524
semantic_instance_142.png,2,18780,0.07164001
semantic_instance_142.png,3,21911,0.08358383
semantic_instance_142.png,4,10285,0.03923416
semantic_instance_142.png,5,25357,0.09672928
semantic_instance_142.png,6,3275,0.01249313
semantic_instance_143.png,0,96941,0.36980057
semantic_instance_143.png,1,86937,0.33163834
semantic_instance_143.png,2,18603,0.07096481
semantic_instance_143.png,3,21585,0.08234024
semantic_instance_143.png,4,9608,0.03665161
semantic_instance_143.png,5,25286,0.09645844
semantic_instance_143.png,6,3184,0.01214600
semantic_instance_144.png,0,97582,0.37224579
semantic_instance_144.png,1,87754,0.33475494
semantic_instance_144.png,2,18374,0.07009125
semantic_instance_144.png,3,21256,0.08108521
semantic_instance_144.png,4,8952,0.03414917
semantic_instance_144.png,5,25198,0.09612274
semantic_instance_144.png,6,3028,0.01155090
semantic_instance_145.png,0,98330,0.37509918
semantic_instance_145.png,1,88537,0.33774185
semantic_instance_145.png,2,18133,0.06917191
semantic_instance_145.png,3,20933,0.07985306
semantic_instance_145.png,4,8292,0.03163147
semantic_instance_145.png,5,25109,0.09578323
semantic_instance_145.png,6,2810,0.01071930
semantic_instance_146.png,0,99095,0.37801743
semantic_instance_146.png,1,89329,0.34076309
semantic_instance_146.png,2,17880,0.06820679
semantic_instance_146.png,3,20596,0.07856750
semantic_instance_146.png,4,7686,0.02931976
semantic_instance_146.png,5,24967,0.09524155
semantic_instance_146.png,6,2591,0.00988388
semantic_instance_147.png,0,99910,0.38112640
semantic_instance_147.png,1,90008,0.34335327
semantic_instance_147.png,2,17607,0.06716537
semantic_instance_147.png,3,20264,0.07730103
semantic_instance_147.png,4,7141,0.02724075
semantic_instance_147.png,5,24868,0.09486389
semantic_instance_147.png,6,2346,0.00894928
semantic_instance_148.png,0,100706,0.38416290
semantic_instance_148.png,1,90651,0.34580612
semantic_instance_148.png,2,17331,0.06611252
semantic_instance_148.png,3,19941,0.07606888
semantic_instance_148.png,4,6648,0.02536011
semantic_instance_148.png,5,24768,0.09448242
semantic_instance_148.png,6,2099,0.00800705
semantic_instance_149.png,0,101533,0.38731766
semantic_instance_149.png,1,91275,0.34818649
semantic_instance_149.png,2,17056,0.06506348
semantic_instance_149.png,3,19607,0.07479477
semantic_instance_149.png,4,6196,0.02363586
semantic_instance_149.png,5,24679,0.09414291
semantic_instance_149.png,6,1798,0.00685883
semantic_instance_150.png,0,102412,0.39067078
semantic_instance_150.png,1,91808,0.35021973
semantic_instance_150.png,2,16757,0.06392288
semantic_instance_150.png,3,19288,0.07357788
semantic_instance_150.png,4,5781,0.02205276
semantic_instance_150.png,5,24596,0.09382629
semantic_instance_150.png,6,1502,0.00572968
semantic_instance_151.png,0,103138,0.39344025
semantic_instance_151.png,1,92398,0.35247040
semantic_instance_151.png,2,16450,0.06275177
semantic_instance_151.png,3,18961,0.07233047
semantic_instance_151.png,4,5448,0.02078247
semantic_instance_151.png,5,24472,0.09335327
semantic_instance_151.png,6,1277,0.00487137
semantic_instance_152.png,0,103876,0.39625549
semantic_instance_152.png,1,92882,0.35431671
semantic_instance_152.png,2,16112,0.06146240
semantic_instance_152.png,3,18640,0.07110596
semantic_instance_152.png,4,5192,0.01980591
semantic_instance_152.png,5,24347,0.09287643
semantic_instance_152.png,6,1095,0.00417709
semantic_instance_153.png,0,104635,0.39915085
semantic_instance_153.png,1,93335,0.35604477
semantic_instance_153.png,2,15741,0.06004715
semantic_instance_153.png,3,18332,0.06993103
semantic_instance_153.png,4,5002,0.01908112
semantic_instance_153.png,5,24192,0.09228516
semantic_instance_153.png,6,907,0.00345993
semantic_instance_154.png,0,105383,0.40200424
semantic_instance_154.png,1,93780,0.35774231
semantic_instance_154.png,2,15337,0.05850601
semantic_instance_154.png,3,18012,0.06871033
semantic_instance_154.png,4,4886,0.01863861
semantic_instance_154.png,5,24039,0.09170151
semantic_instance_154.png,6,707,0.00269699
semantic_instance_155.png,0,106160,0.40496826
semantic_instance_155.png,1,94147,0.35914230
semantic_instance_155.png,2,14978,0.05713654
semantic_instance_155.png,3,17712,0.06756592
semantic_instance_155.png,4,4724,0.01802063
semantic_instance_155.png,5,23903,0.09118271
semantic_instance_155.png,6,520,0.00198364
semantic_instance_156.png,0,106947,0.40797043
semantic_instance_156.png,1,94417,0.36017227
semantic_instance_156.png,2,14590,0.05565643
semantic_instance_156.png,3,17409,0.06641006
semantic_instance_156.png,4,4603,0.01755905
semantic_instance_156.png,5,23790,0.09075165
semantic_instance_156.png,6,388,0.00148010
semantic_instance_157.png,0,107752,0.41104126
semantic_instance_157.png,1,94625,0.36096573
semantic_instance_157.png,2,14087,0.05373764
semantic_instance_157.png,3,17120,0.06530762
semantic_instance_157.png,4,4499,0.01716232
semantic_instance_157.png,5,23691,0.09037399
semantic_instance_157.png,6,370,0.00141144
semantic_instance_158.png,0,108562,0.41413116
semantic_instance_158.png,1,94883,0.36194992
semantic_instance_158.png,2,13519,0.05157089
semantic_instance_158.png,3,16824,0.06417847
semantic_instance_158.png,4,4419,0.01685715
semantic_instance_158.png,5,23573,0.08992386
semantic_instance_158.png,6,364,0.00138855
semantic_instance_159.png,0,109373,0.41722488
semantic_instance_159.png,1,95141,0.36293411
semantic_instance_159.png,2,12975,0.04949570
semantic_instance_159.png,3,16544,0.06311035
semantic_instance_159.png,4,4303,0.01641464
semantic_instance_159.png,5,23452,0.08946228
semantic_instance_159.png,6,356,0.00135803
semantic_instance_160.png,0,110237,0.42052078
semantic_instance_160.png,1,95359,0.36376572
semantic_instance_160.png,2,12409,0.04733658
semantic_instance_160.png,3,16271,0.06206894
semantic_instance_160.png,4,4211,0.01606369
semantic_instance_160.png,5,23302,0.08889008
semantic_instance_160.png,6,355,0.00135422
semantic_instance_161.png,0,111139,0.42396164
semantic_instance_161.png,1,95506,0.36432648
semantic_instance_161.png,2,11818,0.04508209
semantic_instance_161.png,3,15996,0.06101990
semantic_instance_161.png,4,4123,0.01572800
semantic_instance_161.png,5,23139,0.08826828
semantic_instance_161.png,6,423,0.00161362
semantic_instance_162.png,0,112029,0.42735672
semantic_instance_162.png,1,95539,0.36445236
semantic_instance_162.png,2,11248,0.04290771
semantic_instance_162.png,3,15744,0.06005859
semantic_instance_162.png,4,3991,0.01522446
semantic_instance_162.png,5,23000,0.08773804
semantic_instance_162.png,6,593,0.00226212
semantic_instance_163.png,0,112916,0.43074036
semantic_instance_163.png,1,95478,0.36421967
semantic_instance_163.png,2,10660,0.04066467
semantic_instance_163.png,3,15488,0.05908203
semantic_instance_163.png,4,3871,0.01476669
semantic_instance_163.png,5,22884,0.08729553
semantic_instance_163.png,6,847,0.00323105
semantic_instance_164.png,0,113793,0.43408585
semantic_instance_164.png,1,95323,0.36362839
semantic_instance_164.png,2,10062,0.03838348
semantic_instance_164.png,3,15243,0.05814743
semantic_instance_164.png,4,3741,0.01427078
semantic_instance_164.png,5,22778,0.08689117
semantic_instance_164.png,6,1204,0.00459290
semantic_instance_165.png,0,114596,0.43714905
semantic_instance_165.png,1,95197,0.36314774
semantic_instance_165.png,2,9500,0.03623962
semantic_instance_165.png,3,14983,0.05715561
semantic_instance_165.png,4,3547,0.01353073
semantic_instance_165.png,5,22676,0.08650208
semantic_instance_165.png,6,1645,0.00627518
semantic_instance_166.png,0,115279,0.43975449
semantic_instance_166.png,1,95056,0.36260986
semantic_instance_166.png,2,8901,0.03395462
semantic_instance_166.png,3,14771,0.05634689
semantic_instance_166.png,4,3346,0.01276398
semantic_instance_166.png,5,22583,0.08614731
semantic_instance_166.png,6,2208,0.00842285
semantic_instance_167.png,0,115868,0.44200134
semantic_instance_167.png,1,94937,0.36215591
semantic_instance_167.png,2,8369,0.03192520
semantic_instance_167.png,3,14547,0.05549240
semantic_instance_167.png,4,3114,0.01187897
semantic_instance_167.png,5,22469,0.08571243
semantic_instance_167.png,6,2840,0.01083374
semantic_instance_168.png,0,116276,0.44355774
semantic_instance_168.png,1,94797,0.36162186
semantic_instance_168.png,2,7850,0.02994537
semantic_instance_168.png,3,14323,0.05463791
semantic_instance_168.png,4,2972,0.01133728
semantic_instance_168.png,5,22360,0.08529663
semantic_instance_168.png,6,3566,0.01360321
semantic_instance_169.png,0,116602,0.44480133
semantic_instance_169.png,1,94738,0.36139679
semantic_instance_169.png,2,7409,0.02826309
semantic_instance_169.png,3,14099,0.05378342
semantic_instance_169.png,4,2766,0.01055145
semantic_instance_169.png,5,22215,0.08474350
semantic_instance_169.png,6,4315,0.01646042
semantic_instance_170.png,0,116874,0.44583893
semantic_instance_170.png,1,94663,0.36111069
semantic_instance_170.png,2,7038,0.02684784
semantic_instance_170.png,3,13911,0.05306625
semantic_instance_170.png,4,2486,0.00948334
semantic_instance_170.png,5,22134,0.08443451
semantic_instance_170.png,6,5038,0.01921844
semantic_instance_171.png,0,117092,0.44667053
semantic_instance_171.png,1,94718,0.36132050
semantic_instance_171.png,2,6680,0.02548218
semantic_instance_171.png,3,13708,0.05229187
semantic_instance_171.png,4,2194,0.00836945
semantic_instance_171.png,5,22013,0.08397293
semantic_instance_171.png,6,5739,0.02189255
semantic_instance_172.png,0,117268,0.44734192
semantic_instance_172.png,1,94718,0.36132050
semantic_instance_172.png,2,6320,0.02410889
semantic_instance_172.png,3,13529,0.05160904
semantic_instance_172.png,4,1910,0.00728607
semantic_instance_172.png,5,21958,0.08376312
semantic_instance_172.png,6,6441,0.02457047
semantic_instance_173.png,0,117495,0.44820786
semantic_instance_173.png,1,94764,0.36149597
semantic_instance_173.png,2,5919,0.02257919
semantic_instance_173.png,3,13337,0.05087662
semantic_instance_173.png,4,1672,0.00637817
semantic_instance_173.png,5,21891,0.08350754
semantic_instance_173.png,6,7066,0.02695465
semantic_instance_174.png,0,117741,0.44914627
semantic_instance_174.png,1,94812,0.36167908
semantic_instance_174.png,2,5527,0.02108383
semantic_instance_174.png,3,13167,0.05022812
semantic_instance_174.png,4,1447,0.00551987
semantic_instance_174.png,5,21849,0.08334732
semantic_instance_174.png,6,7601,0.02899551
semantic_instance_175.png,0,118048,0.45031738
semantic_instance_175.png,1,94811,0.36167526
semantic_instance_175.png,2,5210,0.01987457
semantic_instance_175.png,3,12991,0.04955673
semantic_instance_175.png,4,1264,0.00482178
semantic_instance_175.png,5,21735,0.08291245
semantic_instance_175.png,6,8085,0.03084183
semantic_instance_176.png,0,118414,0.45171356
semantic_instance_176.png,1,94859,0.36185837
semantic_instance_176.png,2,4809,0.01834488
semantic_instance_176.png,3,12841,0.04898453
semantic_instance_176.png,4,1096,0.00418091
semantic_instance_176.png,5,21647,0.08257675
semantic_instance_176.png,6,8478,0.03234100
semantic_instance_177.png,0,118811,0.45322800
semantic_instance_177.png,1,94888,0.36196899
semantic_instance_177.png,2,4408,0.01681519
semantic_instance_177.png,3,12677,0.04835892
semantic_instance_177.png,4,937,0.00357437
semantic_instance_177.png,5,21639,0.08254623
semantic_instance_177.png,6,8784,0.03350830
semantic_instance_178.png,0,119185,0.45465469
semantic_instance_178.png,1,95023,0.36248398
semantic_instance_178.png,2,4104,0.01565552
semantic_instance_178.png,3,12528,0.04779053
semantic_instance_178.png,4,809,0.00308609
semantic_instance_178.png,5,21491,0.08198166
semantic_instance_178.png,6,9004,0.03434753
semantic_instance_179.png,0,119570,0.45612335
semantic_instance_179.png,1,95129,0.36288834
semantic_instance_179.png,2,3702,0.01412201
semantic_instance_179.png,3,12389,0.04726028
semantic_instance_179.png,4,676,0.00257874
semantic_instance_179.png,5,21524,0.08210754
semantic_instance_179.png,6,9154,0.03491974
semantic_instance_180.png,0,119951,0.45757675
semantic_instance_180.png,1,95292,0.36351013
semantic_instance_180.png,2,3310,0.01262665
semantic_instance_180.png,3,12258,0.04676056
semantic_instance_180.png,4,556,0.00212097
semantic_instance_180.png,5,21545,0.08218765
semantic_instance_180.png,6,9232,0.03521729
semantic_instance_181.png,0,120281,0.45883560
semantic_instance_181.png,1,95477,0.36421585
semantic_instance_181.png,2,2921,0.01114273
semantic_instance_181.png,3,12124,0.04624939
semantic_instance_181.png,4,506,0.00193024
semantic_instance_181.png,5,21565,0.08226395
semantic_instance_181.png,6,9270,0.03536224
semantic_instance_182.png,0,120413,0.45933914
semantic_instance_182.png,1,95697,0.36505508
semantic_instance_182.png,2,2545,0.00970840
semantic_instance_182.png,3,12009,0.04581070
semantic_instance_182.png,4,658,0.00251007
semantic_instance_182.png,5,21487,0.08196640
semantic_instance_182.png,6,9335,0.03561020
semantic_instance_183.png,0,120448,0.45947266
semantic_instance_183.png,1,95791,0.36541367
semantic_instance_183.png,2,2238,0.00853729
semantic_instance_183.png,3,11880,0.04531860
semantic_instance_183.png,4,962,0.00366974
semantic_instance_183.png,5,21431,0.08175278
semantic_instance_183.png,6,9394,0.03583527
semantic_instance_184.png,0,120446,0.45946503
semantic_instance_184.png,1,95730,0.36518097
semantic_instance_184.png,2,1911,0.00728989
semantic_instance_184.png,3,11776,0.04492188
semantic_instance_184.png,4,1422,0.00542450
semantic_instance_184.png,5,21392,0.08160400
semantic_instance_184.png,6,9467,0.03611374
semantic_instance_185.png,0,120401,0.45929337
semantic_instance_185.png,1,95550,0.36449432
semantic_instance_185.png,2,1574,0.00600433
semantic_instance_185.png,3,11680,0.04455566
semantic_instance_185.png,4,1966,0.00749969
semantic_instance_185.png,5,21411,0.08167648
semantic_instance_185.png,6,9562,0.03647614
semantic_instance_186.png,0,120356,0.45912170
semantic_instance_186.png,1,95365,0.36378860
semantic_instance_186.png,2,1362,0.00519562
semantic_instance_186.png,3,11573,0.04414749
semantic_instance_186.png,4,2438,0.00930023
semantic_instance_186.png,5,21405,0.08165359
semantic_instance_186.png,6,9645,0.03679276
semantic_instance_187.png,0,120238,0.45867157
semantic_instance_187.png,1,95065,0.36264420
semantic_instance_187.png,2,1294,0.00493622
semantic_instance_187.png,3,11482,0.04380035
semantic_instance_187.png,4,2843,0.01084518
semantic_instance_187.png,5,21480,0.08193970
semantic_instance_187.png,6,9742,0.03716278
semantic_instance_188.png,0,120091,0.45811081
semantic_instance_188.png,1,94692,0.36122131
semantic_instance_188.png,2,1375,0.00524521
semantic_instance_188.png,3,11394,0.04346466
semantic_instance_188.png,4,3232,0.01232910
semantic_instance_188.png,5,21517,0.08208084
semantic_instance_188.png,6,9843,0.03754807
semantic_instance_189.png,0,119933,0.45750809
semantic_instance_189.png,1,94252,0.35954285
semantic_instance_189.png,2,1581,0.00603104
semantic_instance_189.png,3,11308,0.04313660
semantic_instance_189.png,4,3585,0.01367569
semantic_instance_189.png,5,21538,0.08216095
semantic_instance_189.png,6,9947,0.03794479
semantic_instance_190.png,0,119758,0.45684052
semantic_instance_190.png,1,93770,0.35770416
semantic_instance_190.png,2,1854,0.00707245
semantic_instance_190.png,3,11229,0.04283524
semantic_instance_190.png,4,3929,0.01498795
semantic_instance_190.png,5,21549,0.08220291
semantic_instance_190.png,6,10055,0.03835678
semantic_instance_191.png,0,119497,0.45584488
semantic_instance_191.png,1,93259,0.35575485
semantic_instance_191.png,2,2172,0.00828552
semantic_instance_191.png,3,11163,0.04258347
semantic_instance_191.png,4,4296,0.01638794
semantic_instance_191.png,5,21600,0.08239746
semantic_instance_191.png,6,10157,0.03874588
semantic_instance_192.png,0,119050,0.45413971
semantic_instance_192.png,1,92752,0.35382080
semantic_instance_192.png,2,2625,0.01001358
semantic_instance_192.png,3,11100,0.04234314
semantic_instance_192.png,4,4702,0.01793671
semantic_instance_192.png,5,21649,0.08258438
semantic_instance_192.png,6,10266,0.03916168
semantic_instance_193.png,0,118656,0.45263672
semantic_instance_193.png,1,92255,0.35192490
semantic_instance_193.png,2,3102,0.01183319
semantic_instance_193.png,3,11029,0.04207230
semantic_instance_193.png,4,5033,0.01919937
semantic_instance_193.png,5,21694,0.08275604
semantic_instance_193.png,6,10375,0.03957748
semantic_instance_194.png,0,118266,0.45114899
semantic_instance_194.png,1,91737,0.34994888
semantic_instance_194.png,2,3587,0.01368332
semantic_instance_194.png,3,10968,0.04183960
semantic_instance_194.png,4,5290,0.02017975
semantic_instance_194.png,5,21774,0.08306122
semantic_instance_194.png,6,10522,0.04013824
semantic_instance_195.png,0,117720,0.44906616
semantic_instance_195.png,1,91247,0.34807968
semantic_instance_195.png,2,4118,0.01570892
semantic_instance_195.png,3,10927,0.04168320
semantic_instance_195.png,4,5532,0.02110291
semantic_instance_195.png,5,21924,0.08363342
semantic_instance_195.png,6,10676,0.04072571
semantic_instance_196.png,0,117182,0.44701385
semantic_instance_196.png,1,90812,0.34642029
semantic_instance_196.png,2,4669,0.01781082
semantic_instance_196.png,3,10870,0.04146576
semantic_instance_196.png,4,5770,0.02201080
semantic_instance_196.png,5,22012,0.08396912
semantic_instance_196.png,6,10829,0.04130936
semantic_instance_197.png,0,116632,0.44491577
semantic_instance_197.png,1,90424,0.34494019
semantic_instance_197.png,2,5183,0.01977158
semantic_instance_197.png,3,10830,0.04131317
semantic_instance_197.png,4,6006,0.02291107
semantic_instance_197.png,5,22075,0.08420944
semantic_instance_197.png,6,10994,0.04193878
semantic_instance_198.png,0,116009,0.44253922
semantic_instance_198.png,1,90104,0.34371948
semantic_instance_198.png,2,5639,0.02151108
semantic_instance_198.png,3,10786,0.04114532
semantic_instance_198.png,4,6277,0.02394485
semantic_instance_198.png,5,22178,0.08460236
semantic_instance_198.png,6,11151,0.04253769
semantic_instance_199.png,0,115402,0.44022369
semantic_instance_199.png,1,89778,0.34247589
semantic_instance_199.png,2,6106,0.02329254
semantic_instance_199.png,3,10756,0.04103088
semantic_instance_199.png,4,6533,0.02492142
semantic_instance_199.png,5,22253,0.08488846
semantic_instance_199.png,6,11316,0.04316711
semantic_instance_200.png,0,114838,0.43807220
semantic_instance_200.png,1,89418,0.34110260
semantic_instance_200.png,2,6589,0.02513504
semantic_instance_200.png,3,10723,0.04090500
semantic_instance_200.png,4,6710,0.02559662
semantic_instance_200.png,5,22367,0.08532333
semantic_instance_200.png,6,11499,0.04386520
semantic_instance_201.png,0,114180,0.43556213
semantic_instance_201.png,1,89092,0.33985901
semantic_instance_201.png,2,7067,0.02695847
semantic_instance_201.png,3,10698,0.04080963
semantic_instance_201.png,4,6902,0.02632904
semantic_instance_201.png,5,22528,0.08593750
semantic_instance_201.png,6,11677,0.04454422
semantic_instance_202.png,0,113559,0.43319321
semantic_instance_202.png,1,88834,0.33887482
semantic_instance_202.png,2,7573,0.02888870
semantic_instance_202.png,3,10635,0.04056931
semantic_instance_202.png,4,7047,0.02688217
semantic_instance_202.png,5,22637,0.08635330
semantic_instance_202.png,6,11859,0.04523849
semantic_instance_203.png,0,112983,0.43099594
semantic_instance_203.png,1,88665,0.33823013
semantic_instance_203.png,2,8072,0.03079224
semantic_instance_203.png,3,10442,0.03983307
semantic_instance_203.png,4,7184,0.02740479
semantic_instance_203.png,5,22749,0.08678055
semantic_instance_203.png,6,12049,0.04596329
semantic_instance_204.png,0,112369,0.42865372
semantic_instance_204.png,1,88505,0.33761978
semantic_instance_204.png,2,8582,0.03273773
semantic_instance_204.png,3,10178,0.03882599
semantic_instance_204.png,4,7303,0.02785873
semantic_instance_204.png,5,22916,0.08741760
semantic_instance_204.png,6,12291,0.04688644
semantic_instance_205.png,0,111873,0.42676163
semantic_instance_205.png,1,88347,0.33701706
semantic_instance_205.png,2,9101,0.03471756
semantic_instance_205.png,3,9875,0.03767014
semantic_instance_205.png,4,7422,0.02831268
semantic_instance_205.png,5,23001,0.08774185
semantic_instance_205.png,6,12525,0.04777908
semantic_instance_206.png,0,111292,0.42454529
semantic_instance_206.png,1,88205,0.33647537
semantic_instance_206.png,2,9621,0.03670120
semantic_instance_206.png,3,9530,0.03635406
semantic_instance_206.png,4,7544,0.02877808
semantic_instance_206.png,5,23177,0.08841324
semantic_instance_206.png,6,12775,0.04873276
semantic_instance_207.png,0,110793,0.42264175
semantic_instance_207.png,1,88000,0.33569336
semantic_instance_207.png,2,10037,0.03828812
semantic_instance_207.png,3,9157,0.03493118
semantic_instance_207.png,4,7671,0.02926254
semantic_instance_207.png,5,23467,0.08951950
semantic_instance_207.png,6,13019,0.04966354
semantic_instance_208.png,0,110213,0.42042923
semantic_instance_208.png,1,87883,0.33524704
semantic_instance_208.png,2,10564,0.04029846
semantic_instance_208.png,3,8743,0.03335190
semantic_instance_208.png,4,7819,0.02982712
semantic_instance_208.png,5,23641,0.09018326
semantic_instance_208.png,6,13281,0.05066299
semantic_instance_209.png,0,109688,0.41842651
semantic_instance_209.png,1,87776,0.33483887
semantic_instance_209.png,2,11073,0.04224014
semantic_instance_209.png,3,8284,0.03160095
semantic_instance_209.png,4,7992,0.03048706
semantic_instance_209.png,5,23798,0.09078217
semantic_instance_209.png,6,13533,0.05162430
semantic_instance_210.png,0,109087,0.41613388
semantic_instance_210.png,1,87683,0.33448410
semantic_instance_210.png,2,11592,0.04421997
semantic_instance_210.png,3,7806,0.02977753
semantic_instance_210.png,4,8168,0.03115845
semantic_instance_210.png,5,24004,0.09156799
semantic_instance_210.png,6,13804,0.05265808
semantic_instance_211.png,0,108521,0.41397476
semantic_instance_211.png,1,87562,0.33402252
semantic_instance_211.png,2,12106,0.04618073
semantic_instance_211.png,3,7316,0.02790833
semantic_instance_211.png,4,8363,0.03190231
semantic_instance_211.png,5,24197,0.09230423
semantic_instance_211.png,6,14079,0.05370712
semantic_instance_212.png,0,107908,0.41163635
semantic_instance_212.png,1,87471,0.33367538
semantic_instance_212.png,2,12618,0.04813385
semantic_instance_212.png,3,6791,0.02590561
semantic_instance_212.png,4,8568,0.03268433
semantic_instance_212.png,5,24435,0.09321213
semantic_instance_212.png,6,14353,0.05475235
semantic_instance_213.png,0,107336,0.40945435
semantic_instance_213.png,1,87345,0.33319473
semantic_instance_213.png,2,13131,0.05009079
semantic_instance_213.png,3,6283,0.02396774
semantic_instance_213.png,4,8775,0.03347397
semantic_instance_213.png,5,24586,0.09378815
semantic_instance_213.png,6,14688,0.05603027
semantic_instance_214.png,0,106717,0.40709305
semantic_instance_214.png,1,87200,0.33264160
semantic_instance_214.png,2,13635,0.05201340
semantic_instance_214.png,3,5757,0.02196121
semantic_instance_214.png,4,8997,0.03432083
semantic_instance_214.png,5,24806,0.09462738
semantic_instance_214.png,6,15032,0.05734253
semantic_instance_215.png,0,106168,0.40499878
semantic_instance_215.png,1,87061,0.33211136
semantic_instance_215.png,2,14086,0.05373383
semantic_instance_215.png,3,5212,0.01988220
semantic_instance_215.png,4,9250,0.03528595
semantic_instance_215.png,5,24981,0.09529495
semantic_instance_215.png,6,15386,0.05869293
semantic_instance_216.png,0,105514,0.40250397
semantic_instance_216.png,1,86851,0.33131027
semantic_instance_216.png,2,14582,0.05562592
semantic_instance_216.png,3,4667,0.01780319
semantic_instance_216.png,4,9487,0.03619003
semantic_instance_216.png,5,25297,0.09650040
semantic_instance_216.png,6,15746,0.06006622
semantic_instance_217.png,0,105005,0.40056229
semantic_instance_217.png,1,86590,0.33031464
semantic_instance_217.png,2,15084,0.05754089
semantic_instance_217.png,3,4098,0.01563263
semantic_instance_217.png,4,9751,0.03719711
semantic_instance_217.png,5,25511,0.09731674
semantic_instance_217.png,6,16105,0.06143570
semantic_instance_218.png,0,104356,0.39808655
semantic_instance_218.png,1,86340,0.32936096
semantic_instance_218.png,2,15591,0.05947495
semantic_instance_218.png,3,3548,0.01353455
semantic_instance_218.png,4,10043,0.03831100
semantic_instance_218.png,5,25793,0.09839249
semantic_instance_218.png,6,16473,0.06283951
semantic_instance_219.png,0,103861,0.39619827
semantic_instance_219.png,1,86004,0.32807922
semantic_instance_219.png,2,16094,0.06139374
semantic_instance_219.png,3,3008,0.01147461
semantic_instance_219.png,4,10372,0.03956604
semantic_instance_219.png,5,25953,0.09900284
semantic_instance_219.png,6,16852,0.06428528
semantic_instance_220.png,0,103224,0.39376831
semantic_instance_220.png,1,85638,0.32668304
semantic_instance_220.png,2,16598,0.06331635
semantic_instance_220.png,3,2486,0.00948334
semantic_instance_220.png,4,10743,0.04098129
semantic_instance_220.png,5,26225,0.10004044
semantic_instance_220.png,6,17230,0.06572723
semantic_instance_221.png,0,102721,0.39184952
semantic_instance_221.png,1,85214,0.32506561
semantic_instance_221.png,2,17084,0.06517029
semantic_instance_221.png,3,1987,0.00757980
semantic_instance_221.png,4,11162,0.04257965
semantic_instance_221.png,5,26352,0.10052490
semantic_instance_221.png,6,17624,0.06723022
semantic_instance_222.png,0,102063,0.38933945
semantic_instance_222.png,1,84692,0.32307434
semantic_instance_222.png,2,17551,0.06695175
semantic_instance_222.png,3,1517,0.00578690
semantic_instance_222.png,4,11607,0.04427719
semantic_instance_222.png,5,26632,0.10159302
semantic_instance_222.png,6,18082,0.06897736
semantic_instance_223.png,0,101438,0.38695526
semantic_instance_223.png,1,84159,0.32104111
semantic_instance_223.png,2,18021,0.06874466
semantic_instance_223.png,3,1079,0.00411606
semantic_instance_223.png,4,12076,0.04606628
semantic_instance_223.png,5,26830,0.10234833
semantic_instance_223.png,6,18541,0.07072830
semantic_instance_224.png,0,100734,0.38426971
semantic_instance_224.png,1,83537,0.31866837
semantic_instance_224.png,2,18479,0.07049179
semantic_instance_224.png,3,667,0.00254440
semantic_instance_224.png,4,12565,0.04793167
semantic_instance_224.png,5,27151,0.10357285
semantic_instance_224.png,6,19011,0.07252121
semantic_instance_225.png,0,100018,0.38153839
semantic_instance_225.png,1,82853,0.31605911
semantic_instance_225.png,2,18937,0.07223892
semantic_instance_225.png,3,323,0.00123215
semantic_instance_225.png,4,13067,0.04984665
semantic_instance_225.png,5,27448,0.10470581
semantic_instance_225.png,6,19498,0.07437897
semantic_instance_226.png,0,99366,0.37905121
semantic_instance_226.png,1,82208,0.31359863
semantic_instance_226.png,2,19365,0.07387161
semantic_instance_226.png,3,71,0.00027084
semantic_instance_226.png,4,13542,0.05165863
semantic_instance_226.png,5,27628,0.10539246
semantic_instance_226.png,6,19964,0.07615662
semantic_instance_227.png,0,98610,0.37616730
semantic_instance_227.png,1,81407,0.31054306
semantic_instance_227.png,2,19783,0.07546616
semantic_instance_227.png,3,3,0.00001144
semantic_instance_227.png,4,13984,0.05334473
semantic_instance_227.png,5,27900,0.10643005
semantic_instance_227.png,6,20457,0.07803726
semantic_instance_228.png,0,98016,0.37390137
semantic_instance_228.png,1,80503,0.30709457
semantic_instance_228.png,2,20190,0.07701874
semantic_instance_228.png,3,63,0.00024033
semantic_instance_228.png,4,14408,0.05496216
semantic_instance_228.png,5,28018,0.10688019
semantic_instance_228.png,6,20946,0.07990265
semantic_instance_229.png,0,97334,0.37129974
semantic_instance_229.png,1,79570,0.30353546
semantic_instance_229.png,2,20578,0.07849884
semantic_instance_229.png,3,177,0.00067520
semantic_instance_229.png,4,14801,0.05646133
semantic_instance_229.png,5,28258,0.10779572
semantic_instance_229.png,6,21426,0.08173370
semantic_instance_230.png,0,96782,0.36919403
semantic_instance_230.png,1,78566,0.29970551
semantic_instance_230.png,2,20972,0.08000183
semantic_instance_230.png,3,317,0.00120926
semantic_instance_230.png,4,15157,0.05781937
semantic_instance_230.png,5,28392,0.10830688
semantic_instance_230.png,6,21958,0.08376312
semantic_instance_231.png,0,96099,0.36658859
semantic_instance_231.png,1,77532,0.29576111
semantic_instance_231.png,2,21359,0.08147812
semantic_instance_231.png,3,474,0.00180817
semantic_instance_231.png,4,15439,0.05889511
semantic_instance_231.png,5,28704,0.10949707
semantic_instance_231.png,6,22537,0.08597183
semantic_instance_232.png,0,95587,0.36463547
semantic_instance_232.png,1,76488,0.29177856
semantic_instance_232.png,2,21747,0.08295822
semantic_instance_232.png,3,639,0.00243759
semantic_instance_232.png,4,15717,0.05995560
semantic_instance_232.png,5,28867,0.11011887
semantic_instance_232.png,6,23099,0.08811569
semantic_instance_233.png,0,94999,0.36239243
semantic_instance_233.png,1,75410,0.28766632
semantic_instance_233.png,2,22118,0.08437347
semantic_instance_233.png,3,839,0.00320053
semantic_instance_233.png,4,15993,0.06100845
semantic_instance_233.png,5,29124,0.11109924
semantic_instance_233.png,6,23661,0.09025955
semantic_instance_234.png,0,94564,0.36073303
semantic_instance_234.png,1,74275,0.28333664
semantic_instance_234.png,2,22511,0.08587265
semantic_instance_234.png,3,1070,0.00408173
semantic_instance_234.png,4,16269,0.06206131
semantic_instance_234.png,5,29221,0.11146927
semantic_instance_234.png,6,24234,0.09244537
semantic_instance_235.png,0,94012,0.35862732
semantic_instance_235.png,1,73150,0.27904510
semantic_instance_235.png,2,22874,0.08725739
semantic_instance_235.png,3,1328,0.00506592
semantic_instance_235.png,4,16558,0.06316376
semantic_instance_235.png,5,29429,0.11226273
semantic_instance_235.png,6,24793,0.09457779
semantic_instance_236.png,0,93598,0.35704803
semantic_instance_236.png,1,72014,0.27471161
semantic_instance_236.png,2,23254,0.08870697
semantic_instance_236.png,3,1601,0.00610733
semantic_instance_236.png,4,16866,0.06433868
semantic_instance_236.png,5,29470,0.11241913
semantic_instance_236.png,6,25341,0.09666824
semantic_instance_237.png,0,93093,0.35512161
semantic_instance_237.png,1,70872,0.27035522
semantic_instance_237.png,2,23555,0.08985519
semantic_instance_237.png,3,1885,0.00719070
semantic_instance_237.png,4,17211,0.06565475
semantic_instance_237.png,5,29643,0.11307907
semantic_instance_237.png,6,25885,0.09874344
semantic_instance_238.png,0,92555,0.35306931
semantic_instance_238.png,1,69655,0.26571274
semantic_instance_238.png,2,23779,0.09070969
semantic_instance_238.png,3,2149,0.00819778
semantic_instance_238.png,4,17812,0.06794739
semantic_instance_238.png,5,29725,0.11339188
semantic_instance_238.png,6,26469,0.10097122
semantic_instance_239.png,0,91689,0.34976578
semantic_instance_239.png,1,68307,0.26057053
semantic_instance_239.png,2,23895,0.09115219
semantic_instance_239.png,3,2416,0.00921631
semantic_instance_239.png,4,18795,0.07169724
semantic_instance_239.png,5,29947,0.11423874
semantic_instance_239.png,6,27095,0.10335922
semantic_instance_240.png,0,90968,0.34701538
semantic_instance_240.png,1,66994,0.25556183
semantic_instance_240.png,2,23952,0.09136963
semantic_instance_240.png,3,2680,0.01022339
semantic_instance_240.png,4,19834,0.07566071
semantic_instance_240.png,5,30011,0.11448288
semantic_instance_240.png,6,27705,0.10568619
semantic_instance_241.png,0,90200,0.34408569
semantic_instance_241.png,1,65765,0.25087357
semantic_instance_241.png,2,23886,0.09111786
semantic_instance_241.png,3,2949,0.01124954
semantic_instance_241.png,4,20912,0.07977295
semantic_instance_241.png,5,30154,0.11502838
semantic_instance_241.png,6,28278,0.10787201
semantic_instance_242.png,0,89596,0.34178162
semantic_instance_242.png,1,64611,0.24647141
semantic_instance_242.png,2,23786,0.09073639
semantic_instance_242.png,3,3175,0.01211166
semantic_instance_242.png,4,21999,0.08391953
semantic_instance_242.png,5,30136,0.11495972
semantic_instance_242.png,6,28841,0.11001968
semantic_instance_243.png,0,89094,0.33986664
semantic_instance_243.png,1,63500,0.24223328
semantic_instance_243.png,2,23620,0.09010315
semantic_instance_243.png,3,3406,0.01299286
semantic_instance_243.png,4,23074,0.08802032
semantic_instance_243.png,5,30081,0.11474991
semantic_instance_243.png,6,29369,0.11203384
semantic_instance_244.png,0,88844,0.33891296
semantic_instance_244.png,1,62432,0.23815918
semantic_instance_244.png,2,23412,0.08930969
semantic_instance_244.png,3,3613,0.01378250
semantic_instance_244.png,4,24132,0.09205627
semantic_instance_244.png,5,29833,0.11380386
semantic_instance_244.png,6,29878,0.11397552
semantic_instance_245.png,0,88692,0.33833313
semantic_instance_245.png,1,61448,0.23440552
semantic_instance_245.png,2,23104,0.08813477
semantic_instance_245.png,3,3796,0.01448059
semantic_instance_245.png,4,25144,0.09591675
semantic_instance_245.png,5,29563,0.11277390
semantic_instance_245.png,6,30397,0.11595535
semantic_instance_246.png,0,88659,0.33820724
semantic_instance_246.png,1,60530,0.23090363
semantic_instance_246.png,2,22722,0.08667755
semantic_instance_246.png,3,3905,0.01489639
semantic_instance_246.png,4,26114,0.09961700
semantic_instance_246.png,5,29261,0.11162186
semantic_instance_246.png,6,30953,0.11807632
semantic_instance_247.png,0,88789,0.33870316
semantic_instance_247.png,1,59703,0.22774887
semantic_instance_247.png,2,22253,0.08488846
semantic_instance_247.png,3,4014,0.01531219
semantic_instance_247.png,4,27028,0.10310364
semantic_instance_247.png,5,28869,0.11012650
semantic_instance_247.png,6,31488,0.12011719
semantic_instance_248.png,0,88933,0.33925247
semantic_instance_248.png,1,58990,0.22502899
semantic_instance_248.png,2,21720,0.08285522
semantic_instance_248.png,3,4065,0.01550674
semantic_instance_248.png,4,27901,0.10643387
semantic_instance_248.png,5,28542,0.10887909
semantic_instance_248.png,6,31993,0.12204361
semantic_instance_249.png,0,89135,0.34002304
semantic_instance_249.png,1,58336,0.22253418
semantic_instance_249.png,2,21268,0.08113098
semantic_instance_249.png,3,4112,0.01568604
semantic_instance_249.png,4,28716,0.10954285
semantic_instance_249.png,5,28149,0.10737991
semantic_instance_249.png,6,32428,0.12370300
semantic_instance_250.png,0,89329,0.34076309
semantic_instance_250.png,1,57712,0.22015381
semantic_instance_250.png,2,20849,0.07953262
semantic_instance_250.png,3,4116,0.01570129
semantic_instance_250.png,4,29477,0.11244583
semantic_instance_250.png,5,27808,0.10607910
semantic_instance_250.png,6,32853,0.12532425
semantic_instance_251.png,0,89553,0.34161758
semantic_instance_251.png,1,57232,0.21832275
semantic_instance_251.png,2,20426,0.07791901
semantic_instance_251.png,3,4105,0.01565933
semantic_instance_251.png,4,30166,0.11507416
semantic_instance_251.png,5,27456,0.10473633
semantic_instance_251.png,6,33206,0.12667084
semantic_instance_252.png,0,89829,0.34267044
semantic_instance_252.png,1,56936,0.21719360
semantic_instance_252.png,2,19926,0.07601166
semantic_instance_252.png,3,4048,0.01544189
semantic_instance_252.png,4,30770,0.11737823
semantic_instance_252.png,5,27101,0.10338211
semantic_instance_252.png,6,33534,0.12792206
semantic_instance_253.png,0,90041,0.34347916
semantic_instance_253.png,1,56771,0.21656418
semantic_instance_253.png,2,19363,0.07386398
semantic_instance_253.png,3,3968,0.01513672
semantic_instance_253.png,4,31240,0.11917114
semantic_instance_253.png,5,26822,0.10231781
semantic_instance_253.png,6,33939,0.12946701
semantic_instance_254.png,0,90242,0.34424591
semantic_instance_254.png,1,56740,0.21644592
semantic_instance_254.png,2,18861,0.07194901
semantic_instance_254.png,3,3833,0.01462173
semantic_instance_254.png,4,31610,0.12058258
semantic_instance_254.png,5,26575,0.10137558
semantic_instance_254.png,6,34283,0.13077927
semantic_instance_255.png,0,90424,0.34494019
semantic_instance_255.png,1,56871,0.21694565
semantic_instance_255.png,2,18385,0.07013321
semantic_instance_255.png,3,3636,0.01387024
semantic_instance_255.png,4,31929,0.12179947
semantic_instance_255.png,5,26339,0.10047531
semantic_instance_255.png,6,34560,0.13183594
semantic_instance_256.png,0,90535,0.34536362
semantic_instance_256.png,1,57126,0.21791840
semantic_instance_256.png,2,17956,0.06849670
semantic_instance_256.png,3,3373,0.01286697
semantic_instance_256.png,4,32225,0.12292862
semantic_instance_256.png,5,26168,0.09982300
semantic_instance_256.png,6,34761,0.13260269
semantic_instance_257.png,0,90385,0.34479141
semantic_instance_257.png,1,57144,0.21798706
semantic_instance_257.png,2,17573,0.06703568
semantic_instance_257.png,3,3092,0.01179504
semantic_instance_257.png,4,33038,0.12602997
semantic_instance_257.png,5,25982,0.09911346
semantic_instance_257.png,6,34930,0.13324738
semantic_instance_258.png,0,90225,0.34418106
semantic_instance_258.png,1,57214,0.21825409
semantic_instance_258.png,2,17231,0.06573105
semantic_instance_258.png,3,2808,0.01071167
semantic_instance_258.png,4,33833,0.12906265
semantic_instance_258.png,5,25815,0.09847641
semantic_instance_258.png,6,35018,0.13358307
semantic_instance_259.png,0,90117,0.34376907
semantic_instance_259.png,1,57260,0.21842957
semantic_instance_259.png,2,16822,0.06417084
semantic_instance_259.png,3,2532,0.00965881
semantic_instance_259.png,4,34621,0.13206863
semantic_instance_259.png,5,25665,0.09790421
semantic_instance_259.png,6,35127,0.13399887
semantic_instance_260.png,0,90071,0.34359360
semantic_instance_260.png,1,57253,0.21840286
semantic_instance_260.png,2,16374,0.06246185
semantic_instance_260.png,3,2248,0.00857544
semantic_instance_260.png,4,35394,0.13501740
semantic_instance_260.png,5,25562,0.09751129
semantic_instance_260.png,6,35242,0.13443756
semantic_instance_261.png,0,90081,0.34363174
semantic_instance_261.png,1,57127,0.21792221
semantic_instance_261.png,2,16069,0.06129837
semantic_instance_261.png,3,1916,0.00730896
semantic_instance_261.png,4,36195,0.13807297
semantic_instance_261.png,5,25460,0.09712219
semantic_instance_261.png,6,35296,0.13464355
semantic_instance_262.png,0,90114,0.34375763
semantic_instance_262.png,1,56991,0.21740341
semantic_instance_262.png,2,15838,0.06041718
semantic_instance_262.png,3,1573,0.00600052
semantic_instance_262.png,4,37010,0.14118195
semantic_instance_262.png,5,25345,0.09668350
semantic_instance_262.png,6,35273,0.13455582
semantic_instance_263.png,0,90128,0.34381104
semantic_instance_263.png,1,56862,0.21691132
semantic_instance_263.png,2,15614,0.05956268
semantic_instance_263.png,3,1233,0.00470352
semantic_instance_263.png,4,37842,0.14435577
semantic_instance_263.png,5,25285,0.09645462
semantic_instance_263.png,6,35180,0.13420105
semantic_instance_264.png,0,90150,0.34389496
semantic_instance_264.png,1,56774,0.21657562
semantic_instance_264.png,2,15380,0.05867004
semantic_instance_264.png,3,905,0.00345230
semantic_instance_264.png,4,38696,0.14761353
semantic_instance_264.png,5,25211,0.09617233
semantic_instance_264.png,6,35028,0.13362122
semantic_instance_265.png,0,90149,0.34389114
semantic_instance_265.png,1,56718,0.21636200
semantic_instance_265.png,2,15146,0.05777740
semantic_instance_265.png,3,608,0.00231934
semantic_instance_265.png,4,39559,0.15090561
semantic_instance_265.png,5,25155,0.09595871
semantic_instance_265.png,6,34809,0.13278580
semantic_instance_266.png,0,90183,0.34402084
semantic_instance_266.png,1,56589,0.21586990
semantic_instance_266.png,2,14867,0.05671310
semantic_instance_266.png,3,345,0.00131607
semantic_instance_266.png,4,40442,0.15427399
semantic_instance_266.png,5,25063,0.09560776
semantic_instance_266.png,6,34655,0.13219833
semantic_instance_267.png,0,90221,0.34416580
semantic_instance_267.png,1,56422,0.21523285
semantic_instance_267.png,2,14626,0.05579376
semantic_instance_267.png,3,146,0.00055695
semantic_instance_267.png,4,41339,0.15769577
semantic_instance_267.png,5,24915,0.09504318
semantic_instance_267.png,6,34475,0.13151169
semantic_instance_268.png,0,90339,0.34461594
semantic_instance_268.png,1,56230,0.21450043
semantic_instance_268.png,2,14390,0.05489349
semantic_instance_268.png,3,34,0.00012970
semantic_instance_268.png,4,42246,0.16115570
semantic_instance_268.png,5,24696,0.09420776
semantic_instance_268.png,6,34209,0.13049698
semantic_instance_269.png,0,90520,0.34530640
semantic_instance_269.png,1,55954,0.21344757
semantic_instance_269.png,2,14192,0.05413818
semantic_instance_269.png,4,43151,0.16460800
semantic_instance_269.png,5,24422,0.09316254
semantic_instance_269.png,6,33905,0.12933731
semantic_instance_270.png,0,90768,0.34625244
semantic_instance_270.png,1,55683,0.21241379
semantic_instance_270.png,2,14059,0.05363083
semantic_instance_270.png,4,44027,0.16794968
semantic_instance_270.png,5,24076,0.09184265
semantic_instance_270.png,6,33531,0.12791061
semantic_instance_271.png,0,91057,0.34735489
semantic_instance_271.png,1,55414,0.21138763
semantic_instance_271.png,2,14029,0.05351639
semantic_instance_271.png,4,44881,0.17120743
semantic_instance_271.png,5,23657,0.09024429
semantic_instance_271.png,6,33106,0.12628937
semantic_instance_272.png,0,91267,0.34815598
semantic_instance_272.png,1,55051,0.21000290
semantic_instance_272.png,2,14203,0.05418015
semantic_instance_272.png,3,25,0.00009537
semantic_instance_272.png,4,45718,0.17440033
semantic_instance_272.png,5,23210,0.08853912
semantic_instance_272.png,6,32670,0.12462616
semantic_instance_273.png,0,91444,0.34883118
semantic_instance_273.png,1,54550,0.20809174
semantic_instance_273.png,2,14482,0.05524445
semantic_instance_273.png,3,83,0.00031662
semantic_instance_273.png,4,46525,0.17747879
semantic_instance_273.png,5,22780,0.08689880
semantic_instance_273.png,6,32280,0.12313843
semantic_instance_274.png,0,91618,0.34949493
semantic_instance_274.png,1,54165,0.20662308
semantic_instance_274.png,2,14802,0.05646515
semantic_instance_274.png,3,156,0.00059509
semantic_instance_274.png,4,47311,0.18047714
semantic_instance_274.png,5,22233,0.08481216
semantic_instance_274.png,6,31859,0.12153244
semantic_instance_275.png,0,91807,0.35021591
semantic_instance_275.png,1,53957,0.20582962
semantic_instance_275.png,2,15141,0.05775833
semantic_instance_275.png,3,237,0.00090408
semantic_instance_275.png,4,48081,0.18341446
semantic_instance_275.png,5,21548,0.08219910
semantic_instance_275.png,6,31373,0.11967850
semantic_instance_276.png,0,92022,0.35103607
semantic_instance_276.png,1,53883,0.20554733
semantic_instance_276.png,2,15491,0.05909348
semantic_instance_276.png,3,318,0.00121307
semantic_instance_276.png,4,48812,0.18620300
semantic_instance_276.png,5,20752,0.07916260
semantic_instance_276.png,6,30866,0.11774445
semantic_instance_277.png,0,92237,0.35185623
semantic_instance_277.png,1,53985,0.20593643
semantic_instance_277.png,2,15825,0.06036758
semantic_instance_277.png,3,405,0.00154495
semantic_instance_277.png,4,49536,0.18896484
semantic_instance_277.png,5,19840,0.07568359
semantic_instance_277.png,6,30316,0.11564636
semantic_instance_278.png,0,92439,0.35262680
semantic_instance_278.png,1,54264,0.20700073
semantic_instance_278.png,2,16225,0.06189346
semantic_instance_278.png,3,449,0.00171280
semantic_instance_278.png,4,50212,0.19154358
semantic_instance_278.png,5,18808,0.07174683
semantic_instance_278.png,6,29747,0.11347580
semantic_instance_279.png,0,92759,0.35384750
semantic_instance_279.png,1,54614,0.20833588
semantic_instance_279.png,2,16579,0.06324387
semantic_instance_279.png,3,449,0.00171280
semantic_instance_279.png,4,50868,0.19404602
semantic_instance_279.png,5,17694,0.06749725
semantic_instance_279.png,6,29181,0.11131668
semantic_instance_280.png,0,93199,0.35552597
semantic_instance_280.png,1,55033,0.20993423
semantic_instance_280.png,2,16914,0.06452179
semantic_instance_280.png,3,408,0.00155640
semantic_instance_280.png,4,51484,0.19639587
semantic_instance_280.png,5,16481,0.06287003
semantic_instance_280.png,6,28625,0.10919571
semantic_instance_281.png,0,93821,0.35789871
semantic_instance_281.png,1,55475,0.21162033
semantic_instance_281.png,2,17182,0.06554413
semantic_instance_281.png,3,351,0.00133896
semantic_instance_281.png,4,52062,0.19860077
semantic_instance_281.png,5,15162,0.05783844
semantic_instance_281.png,6,28091,0.10715866
semantic_instance_282.png,0,94583,0.36080551
semantic_instance_282.png,1,55981,0.21355057
semantic_instance_282.png,2,17402,0.06638336
semantic_instance_282.png,3,285,0.00108719
semantic_instance_282.png,4,52598,0.20064545
semantic_instance_282.png,5,13752,0.05245972
semantic_instance_282.png,6,27543,0.10506821
semantic_instance_283.png,0,95414,0.36397552
semantic_instance_283.png,1,56519,0.21560287
semantic_instance_283.png,2,17564,0.06700134
semantic_instance_283.png,3,220,0.00083923
semantic_instance_283.png,4,53092,0.20252991
semantic_instance_283.png,5,12371,0.04719162
semantic_instance_283.png,6,26964,0.10285950
semantic_instance_284.png,0,96111,0.36663437
semantic_instance_284.png,1,57151,0.21801376
semantic_instance_284.png,2,17635,0.06727219
semantic_instance_284.png,3,159,0.00060654
semantic_instance_284.png,4,53550,0.20427704
semantic_instance_284.png,5,11186,0.04267120
semantic_instance_284.png,6,26352,0.10052490
semantic_instance_285.png,0,96709,0.36891556
semantic_instance_285.png,1,57827,0.22059250
semantic_instance_285.png,2,17636,0.06727600
semantic_instance_285.png,3,100,0.00038147
semantic_instance_285.png,4,53955,0.20582199
semantic_instance_285.png,5,10166,0.03878021
semantic_instance_285.png,6,25751,0.09823227
semantic_instance_286.png,0,97230,0.37090302
semantic_instance_286.png,1,58565,0.22340775
semantic_instance_286.png,2,17547,0.06693649
semantic_instance_286.png,3,53,0.00020218
semantic_instance_286.png,4,54314,0.20719147
semantic_instance_286.png,5,9289,0.03543472
semantic_instance_286.png,6,25146,0.09592438
semantic_instance_287.png,0,97764,0.37294006
semantic_instance_287.png,1,59326,0.22631073
semantic_instance_287.png,2,17377,0.06628799
semantic_instance_287.png,3,19,0.00007248
semantic_instance_287.png,4,54629,0.20839310
semantic_instance_287.png,5,8463,0.03228378
semantic_instance_287.png,6,24566,0.09371185
semantic_instance_288.png,0,98299,0.37498093
semantic_instance_288.png,1,60083,0.22919846
semantic_instance_288.png,2,17153,0.06543350
semantic_instance_288.png,3,22,0.00008392
semantic_instance_288.png,4,54888,0.20938110
semantic_instance_288.png,5,7696,0.02935791
semantic_instance_288.png,6,24003,0.09156418
semantic_instance_289.png,0,98882,0.37720490
semantic_instance_289.png,1,60821,0.23201370
semantic_instance_289.png,2,16838,0.06423187
semantic_instance_289.png,3,48,0.00018311
semantic_instance_289.png,4,55090,0.21015167
semantic_instance_289.png,5,7007,0.02672958
semantic_instance_289.png,6,23458,0.08948517
semantic_instance_290.png,0,99455,0.37939072
semantic_instance_290.png,1,61634,0.23511505
semantic_instance_290.png,2,16349,0.06236649
semantic_instance_290.png,3,69,0.00026321
semantic_instance_290.png,4,55093,0.21016312
semantic_instance_290.png,5,6621,0.02525711
semantic_instance_290.png,6,22923,0.08744431
semantic_instance_291.png,0,100055,0.38167953
semantic_instance_291.png,1,62770,0.23944855
semantic_instance_291.png,2,15824,0.06036377
semantic_instance_291.png,3,101,0.00038528
semantic_instance_291.png,4,54658,0.20850372
semantic_instance_291.png,5,6380,0.02433777
semantic_instance_291.png,6,22356,0.08528137
semantic_instance_292.png,0,100575,0.38366318
semantic_instance_292.png,1,64022,0.24422455
semantic_instance_292.png,2,15294,0.05834198
semantic_instance_292.png,3,127,0.00048447
semantic_instance_292.png,4,54028,0.20610046
semantic_instance_292.png,5,6299,0.02402878
semantic_instance_292.png,6,21799,0.08315659
semantic_instance_293.png,0,101057,0.38550186
semantic_instance_293.png,1,65270,0.24898529
semantic_instance_293.png,2,14781,0.05638504
semantic_instance_293.png,3,150,0.00057220
semantic_instance_293.png,4,53357,0.20354080
semantic_instance_293.png,5,6284,0.02397156
semantic_instance_293.png,6,21245,0.08104324
semantic_instance_294.png,0,101581,0.38750076
semantic_instance_294.png,1,66442,0.25345612
semantic_instance_294.png,2,14258,0.05438995
semantic_instance_294.png,3,170,0.00064850
semantic_instance_294.png,4,52637,0.20079422
semantic_instance_294.png,5,6346,0.02420807
semantic_instance_294.png,6,20710,0.07900238
semantic_instance_295.png,0,102096,0.38946533
semantic_instance_295.png,1,67569,0.25775528
semantic_instance_295.png,2,13737,0.05240250
semantic_instance_295.png,3,185,0.00070572
semantic_instance_295.png,4,51889,0.19794083
semantic_instance_295.png,5,6475,0.02470016
semantic_instance_295.png,6,20193,0.07703018
semantic_instance_296.png,0,102558,0.39122772
semantic_instance_296.png,1,68759,0.26229477
semantic_instance_296.png,2,13239,0.05050278
semantic_instance_296.png,3,198,0.00075531
semantic_instance_296.png,4,51082,0.19486237
semantic_instance_296.png,5,6611,0.02521896
semantic_instance_296.png,6,19697,0.07513809
semantic_instance_297.png,0,102933,0.39265823
semantic_instance_297.png,1,69993,0.26700211
semantic_instance_297.png,2,12745,0.04861832
semantic_instance_297.png,3,197,0.00075150
semantic_instance_297.png,4,50253,0.19169998
semantic_instance_297.png,5,6787,0.02589035
semantic_instance_297.png,6,19236,0.07337952
semantic_instance_298.png,0,103238,0.39382172
semantic_instance_298.png,1,71273,0.27188492
semantic_instance_298.png,2,12246,0.04671478
semantic_instance_298.png,3,202,0.00077057
semantic_instance_298.png,4,49394,0.18842316
semantic_instance_298.png,5,7018,0.02677155
semantic_instance_298.png,6,18773,0.07161331
semantic_instance_299.png,0,103495,0.39480209
semantic_instance_299.png,1,72549,0.27675247
semantic_instance_299.png,2,11756,0.04484558
semantic_instance_299.png,3,198,0.00075531
semantic_instance_299.png,4,48518,0.18508148
semantic_instance_299.png,5,7316,0.02790833
semantic_instance_299.png,6,18312,0.06985474
